call_id,file_name,language,transcript,detected_lang,duration_sec,process_time
CALL-1000,call_1.mp3,english,"Outcome, positive sales rep, hi Sarah, this is Mike from TaskFlow. I'm following up on your request for information about our project management tool. How are things going today? Customer, hi Mike, doing well thanks. Yes, we are currently looking for a better way to track our engineering sprints. Right now, we're using Tira, but it's getting too complicated for our non-technical team members. Sales rep, that's a very common frustration. Tira is powerful, but it definitely has a steep learning curve. TaskFlow is built specifically to bridge that gap, giving engineers the structure they need while keeping the interface clean for marketing and product teams. Customer, that sounds good on paper, but Tira has a lot of advanced reporting features we rely on for our weekly executive updates. Does TaskFlow have similar reporting depth? Sales rep, we do. We have built an executive dashboards that you can customize with drag and drop widgets and you can export them directly to PDF or share a live link. It actually takes fewer clicks than setting it up in Tira. Customer, okay, that sounds promising. How easy is it to migrate our current active projects over? We can't afford to lose our history. Sales rep, we have a native tier importer that brings over all tasks, comments, and attachments in about 10 minutes. I can show you exactly how it works on a quick video call. How does this Thursday at 2 p.m. sound? Customer, Thursday works for me. Let's do it. Send over the calendar invite. Sales rep, perfect, I'll send that right through. Looking forward to showing you around, Sarah. Have a great day. Customer, thanks, Mike. Talk Thursday.",en,0,12.1
CALL-1001,call_10.mp3,english,"Outcome, negative sales rep, Hi Patrick, this is Chris from Desk Support. I'm checking in on your evaluation of our helpdesk software. I know you were comparing us with a few other options. Customer, oh, hi Chris. Thanks for reaching out. We actually made a decision yesterday and ended up signing a contract with HelpScout instead. Sales rep, I see. I appreciate you letting me know. If you don't mind me asking, what was the deciding factor that pushed you toward HelpScout? Customer, it mostly came down to their native integration with our CRM. Your team required a third-party connector tool, which meant an extra cost and more room for errors. Sales rep, ah, understood. Our native CRM integration is actually launching next quarter, but I know you needed a solution today. Customer, yeah, we couldn't wait around for the roadmap, unfortunately. We needed something working immediately. Sales rep, that makes complete sense. HelpScout is a great tool and a seamless CRM connection is critical. I wish you and your team the best of luck with the rollout. Customer, thanks, Chris. I appreciate your time over the last few weeks. Sales rep, anytime, Patrick. Take care. Customer, you too, bye.",en,0,6.5
CALL-1002,call_11.mp3,english,"Outcome, positive sales rep, hi Janet, this is Mark from Signify HR. I'm following up on the platform overview I emailed you last Tuesday. Have you had a chance to look it over? Customer, hi Mark. Yes, I did. The performance tracking modules look exactly like what our managers have been asking for. It's very intuitive. Sales rep, that's fantastic to hear. We really focused on making the review process less painful for busy managers. Customer, my main hesitation right now is the setup. Our IT team is completely buried with an infrastructure migration, and they told me they won't have time to help us plug this in. Sales rep, I completely get it, IT bottlenecks are tough. The good news is Signify HR is entirely cloud-based and requires zero technical installation or code. We handle all the initial employee data uploads for you. Customer, wait, so my IT team doesn't need to write any APIs or configure servers? Sales rep, not at all. As long as you can export a basic CSV employee list, our team handles the rest. You can be up and running by next Monday without opening a single IT ticket. Customer, wow, that's a massive relief. If your team does the heavy lifting on the data, I'm ready to start. Sales rep, love to hear it. Let's get the trial account upgraded to a pilot. I'll send over the launch paperwork right now. Customer, perfect, send it over and I'll get it signed today.",en,0,9.1
CALL-1003,call_12.mp3,english,"Outcome, Neutral Sales Rep, Hello Trevor, this is Liam from OptiRoute. I saw your logistics team recently expanded your delivery fleet and wanted to see how you're optimizing your daily routes. Customer, Hi Liam. We actually just onboarded RouteMaster about six months ago. It's handling our multi-stop routing pretty well so far. Sales Rep, RouteMaster is a decent tool for standard mapping. Where our clients see a massive difference with OptiRoute is our live traffic rerouting and predictive ETAs, which usually cuts fuel costs by another 15%. Customer, a 15% drop in fuel would be huge, honestly. Our current tool doesn't account for real-time traffic changes very well. Sales Rep, that's exactly what we specialize in. I'd love to take three of your typical delivery addresses and run a quick, live optimization comparison for you on a short call. Customer, I'm definitely curious to see that, but I'm locked into an annual contract with RouteMaster for another six months. I don't want to waste your time if I can't buy today. Sales Rep, you wouldn't be wasting my time at all. If the numbers make sense, you'll have the data ready for your Q4 budgeting cycle. How does this Wednesday at 11am look? Customer, fair point. Let's do Wednesday at 11. It's worth seeing if the savings justified breaking a contract early. Sales Rep, excellent. I will send a calendar invite with a link. Speak on Wednesday, Trevor. Customer, sounds good, Liam. Bye.",en,0,10.3
CALL-1004,call_13.mp3,english,"Outcome, negative sales rep, hi Monica, this is Chloe from SecureVault. I wanted to follow up on your security team's evaluation of our cloud backup platform. Customer, hi Chloe, thanks for calling. We actually finished our review of cloud vendors yesterday afternoon. Sales rep, great. How did SecureVault stack up against the other options you were looking at? Customer, unfortunately, we decided to go with Cybershield instead. Their platform just fits our current technical stack a bit better. Sales rep, I appreciate the transparency. If you don't mind sharing, was there a specific feature or integration that tilted the scales toward them? Customer, it came down to their native integration with AWS. Your platform required us to set up a custom gateway, and Cybershield just works out of the box with our existing setup. Sales rep, ah, I understand. Minimizing setup friction is incredibly important. We are launching an AWS native connector later this year, but I know you needed it ready today. Customer, exactly. We couldn't delay the rollout waiting on a roadmap item. Sales rep, totally fair. Cybershield is a strong platform, and you made a solid choice for your architecture. I appreciate your time throughout the trial, Monica. Customer, thanks, Chloe. I appreciate your help as well. Take care.",en,0,8.3
CALL-1005,call_14.mp3,english,"Outcome, positive sales rep, hi Derek, this is Nina from Papels. I'm following up on the custom pricing quote I sent over for our merchant processing software last week. Customer, hi Nina. I went over the numbers with our operations director. The platform features look great, but the transaction fees are a bit higher than we anticipated. Sales rep, I appreciate you being upfront about that. Which specific tier or fee structure felt like a stretch for your margins? Customer, it's the 2.9% fee on our high volume international transactions. We do a lot of cross-border sales, and that fee is going to eat into our profits significantly. Sales rep, that is a completely fair point, Derek. Because your international volume is so high, we can actually move you to our preferred merchant tier, which drops that specific rate down to 2.2%. Customer, really? What do we have to do to qualify for that lower rate? Sales rep, we just need to commit to a 12-month agreement instead of the month-to-month plan. Based on your current volume, that change alone will save you roughly $800 a month. Customer, oh wow. A 12-month commitment is fine by us since we don't plan on switching anyway. That rate change makes a huge difference. Sales rep, fantastic. I'll update the agreement with the 2.2% international rate and send it over for your signature. Customer, perfect. Send it through and I'll get our CFO to sign off on it right now.",en,0,9.4
CALL-1006,call_15.mp3,english,"Outcome, Neutral Sales Rep. Hello Priya, this is Sam from TalentScout. I wanted to check in on the recruitment automation software proposal we discussed last Thursday. Customer, Hi Sam. I actually just got out of a meeting with our HR director. We really love the automated screening features, but we've run into a roadblock. Sales Rep, Oh, I'm sorry to hear that. What kind of roadblock are you facing? Customer, our department's software budget for this half of the year was completely maxed out by our new payroll system upgrade. We literally don't have the funds left for any new tools right now. Sales Rep, budget caps are always a tough hurdle. Since our fiscal year wraps up next month, what if we deferred your first invoice until the start of the next quarter, but got you on boarded now? Customer, that's a creative solution, but our internal policy won't let us sign a contract without the active budget allocation already approved in the CRM. Sales Rep understood compliance rules are there for a reason. If we paused until your new budget opens up in July, would Talent Scout still be your team's top choice? Customer, absolutely. It's exactly what we need. It's just a matter of timing at this point. Sales Rep, perfect. Let's do this. I'll hold our current promotional pricing for you, and I'll send a brief email in late June to see if the new budget is unlocked. How does that sound? Customer, that sounds perfect, Sam. Let's reconnect in June. Sales Rep, will do, Priya. Have a wonderful week.",en,0,10.2
CALL-1007,call_16.mp3,english,"Outcome, positive sales rep, Hi Arthur, this is Grace from Lobytrack. I saw you were testing out our warehouse scanning application yesterday. How did the scanning speeds look? Customer, Hi Grace. The speeds are lightning fast and the barcode recognition is excellent. However, I noticed it doesn't seem to support Matrix barcode scanning for our medical inventory. Sales rep, your spot on, Arthur. By default, the trial version only has standard 1D and 2D QR codes enabled to keep the interface simple. Matrix scanning is an optional module we toggle on. Customer, oh. So your system can actually scan data matrix codes without us needing a third-party app? Sales rep, yes, absolutely. It's a simple toggle on our back end. It formats the matrix data directly into your inventory fields just like standard barcodes. Customer, okay, that changes things completely. We almost crossed you off the list because we thought that feature was missing. Sales rep, I'm so glad we cleared that up. I can activate that matrix module on your live trial account right now so your warehouse team can test it out this afternoon. Customer, please do. If that matrix scanning works smoothly on our medical boxes today, we're ready to buy. Sales rep, done, it is now active on your account. I'll follow up with you tomorrow morning to see how the test went and drop the subscription link. Customer, excellent. Thanks, Grace. Talk tomorrow.",en,0,8.9
CALL-1008,call_17.mp3,english,"Outcome, negative sales rep. Hello Victor, this is Diana from Site Monitor. I'm calling to see if you've had a chance to look over the website uptime and analytics contract we sent over? Customer, hi Diana. Yes, the contract arrived. But honestly, I haven't even had five minutes to open the PDF. Things have been completely chaotic on our engineering side. Sales rep, I totally understand, uptime emergencies wait for no one. Is there a quick summary or a specific clause I can run through right now to save you some time? Customer, no, it's not the contract terms themselves. Our main server cluster suffered a massive outage over the weekend, and my entire team is working 14 hour days just to rebuild our database infrastructure. Sales rep, wow, that sounds incredibly stressful. I completely get why a new vendor contract is the last thing on your mind right now. Customer, yeah, realistically, I cannot look at this or talk to any new vendors for at least the next month or two. Our focus is 100% on internal recovery. Sales rep, that makes total sense. Your current infrastructure has to take priority. I'll take a big step back and let your team do what they need to do. Customer, I appreciate that, Diana. Thanks for understanding. Sales rep, of course, Victor. Wishing you a smooth recovery with the servers. I'll check back in late summer once the dust has settled. Customer, sounds good. Goodbye.",en,0,8.4
CALL-1009,call_18.mp3,english,"Outcome, Neutral Sales Rep, Hi Brenda, this is Ethan from DeskFlow. I'm following up on our successful demo last week. Are your customer service leads still excited about the ticketing automation? Customer, Hi Ethan. Yes, the team is still raving about how much time it will save them on canned responses. It's definitely a hit with the frontline staff. Sales Rep, that's amazing feedback. Since the team is on board, are we good to move forward with setting up your instance? Customer, I wish I could say yes, but I ran the pricing proposal past our regional director, and he wants a full breakdown of how this software will impact our resolution times before he signs off. Sales Rep, that's a very reasonable request from leadership. We actually have a standardized impact report based on case studies from similar customer service teams. Would that help you present the case? Customer, yes, that would be incredibly helpful. If I can show him a clear estimate of the time to resolution drop, it'll make getting his approval much easier. Sales Rep, I will email that impact report over to you immediately. Would it make sense for us to schedule a brief 5 minute call with your director next week to address any other concerns he has? Customer, let me give him the report first and see what he says. I'll email you on Friday to let you know if we need a joint call. Sales Rep, sounds like a plan, Brenda. The report is on its way to your inbox now. Customer, great, thanks Ethan. Speak soon.",en,0,9.3
CALL-1010,call_19.mp3,english,"Outcome, Negative Sales Rep, Hi Craig, this is Julia from Content Hub. I noticed you downloaded our digital asset management white paper and wanted to see if your creative team was looking for a better way to organize files. Customer, Hi Julia. Yes, we were looking around, but honestly, our current setup with Google Drive is working perfectly fine for us right now. Sales Rep, Google Drive is great for basic storage, but many creative teams switch to Content Hub because we offer automated asset tagging and direct integration with Adobe apps, which saves hours of searching. Customer, I understand, but our team is tiny, there are only three of us. We have a highly organized folder structure, so we never really lose track of our files anyway. Sales Rep, that makes sense for a smaller team. If you plan on scaling your content production next year, having an enterprise grade asset manager early on can prevent a lot of headaches down the road. Customer, we don't have any expansion plans for the foreseeable future. Google Drive costs us almost nothing, and a migration sounds like an unnecessary chore for a problem we don't have. Sales Rep, I completely respect that, Craig. If things are running smoothly, there's no need to disrupt your workflow. I appreciate you taking the time to chat. Customer, thanks for being understanding, Julia. Have a good day. Sales Rep, you too, Craig. Take care.",en,0,6.7
CALL-1011,call_2.mp3,english,"Outcome, negative sales rep. Hello David, this is Amanda from SecureSign. I noticed your team has been expanding its HR department and I wanted to see how you are currently handling offer letters and contract signing. Customer, Hi Amanda. We actually use SignEasy right now and it's fully integrated into our HR system. It's working perfectly fine for us. Sales rep, SignEasy is a solid tool. Many of our current clients used them previously but switched to SecureSign because we offer unlimited templates and automated SMS reminders which speeds up completion rates by about 40%. Customer, honestly, our completion rate is already over 90% and our contract with them doesn't expire for another 9 months. We don't really have any incentive to move. Sales rep, I completely understand. If you could get the same functionality plus automated compliance tracking for 20% less than your current rate would that be worth a look for your next cycle? Customer, not right now. Any change requires IT approval and retraining for 50 recruiters which is a massive headache. We're happy with what we have. Sales rep, fair enough. I appreciate your honesty, David. Would it be okay if I checked back in with you closer to your renewal date next year? Customer, sure, you can send me an email next spring but I can't promise anything will change. Sales rep, no problem at all. I'll send over a quick resource via email for your records. Have a good week. Customer, thanks, Amanda. Bye.",en,0,8.5
CALL-1012,call_20.mp3,english,"Outcome, positive sales rep, Hi Natalie, this is Ryan from SurveyPulse. I saw you signed up for a trial account this morning and wanted to welcome you to the platform. Customer, oh, hi Ryan. Thanks for reaching out. I was actually just playing around with the survey builder. The logic jumping features are incredibly smooth. Sales rep, I'm glad you like the interface. We tried to make complex survey logic as visual and simple as possible. What kind of project are you launching? Customer, we are doing a massive quarterly feedback push for our user base next month. My only concern is the participant pricing tier. The jump from 5,000 to 10,000 responses is a bit steep for our budget. Sales rep, ah, I see what you mean. If you're right on the edge of that tier, we can actually create a custom middle plan for 7,500 responses that bridges that price gap perfectly for your project. Customer, oh, I didn't know you did custom response caps. That would actually fit our budget perfectly. Sales rep, we absolutely do. If we lock in that 7,500 response tier today, I can have our success team help you format your user list so it's ready to launch smoothly. Customer, wow, that's great service. Yes, let's do that. Can you send over the custom plan upgrade link? Sales rep, I'll generate that custom billing link in email at over right now. Welcome to Survey Pulse, Natalie. Customer, thanks, Ryan. Excited to get this survey launched.",en,0,9.2
CALL-1013,call_3.mp3,english,"Outcome, Neutral Sales Rep, Hi Elena, John here from Cloud Inventory. I saw that you downloaded our retail inventory guide last week. Are you experiencing some challenges with stock tracking at your warehouses? Customer, Hi John. Yes, we are opening two new locations, and our current spreadsheets just aren't cutting it anymore. We keep running into stock outs. Sales Rep, spreadsheets get overwhelming very fast when you scale. Cloud Inventory gives you real-time counts across all locations and sinks automatically with your point of sale system. Customer, I looked at your pricing page earlier, though. Your mid-tier plan is $450 a month per location. That seems extremely high for an inventory app. Sales Rep, I hear you, the upfront cost can look significant. But when you factor in the cost of lost sales from stock outs and the hours spent manually updating spreadsheets, most stores save over $1,200 a month. Customer, that might be true, but as a growing retail business, our cash flow is tight right now. $900 a month for two new locations is a tough pill to swallow. Sales Rep, what if we looked at a quarterly billing cycle instead of annual, or started you on our core plan at $250 a month to get your feet wet? Customer, the core plan might work, but I need to sit down and map out our exact budget for next month first. Sales Rep, that makes total sense. How about I check back in with you next Tuesday to see where you stand on those numbers? Customer, yes, let's do next Tuesday. Send me an email morning of to confirm. Sales Rep, we'll do Alayna. Speak next week. Customer, sounds good, thanks John.",en,0,8.8
CALL-1014,call_4.mp3,english,"Outcome, Positive Sales Rep, Hi Robert, this is Rachel from HR Cloud. I'm following up on the trial account you created last week. How are you finding the platform so far? Customer, Hi Rachel. The interface looks beautiful, and it seems to have everything we need for shift scheduling and time tracking. Sales Rep, that's great to hear. Was there anything specific you were hoping to test out during the trial that you haven't gotten to yet? Customer, my main worry is the actual rollout. We have about 80 employees, and half of them are out in the field and aren't very tech savvy. I'm terrified they won't adopt it and will waste our money. Sales Rep, that is a completely valid fear. To make sure that doesn't happen, we assign a dedicated implementation manager to your account. They run live training webinars for your staff and provide short video guides they can watch on their phones. Customer, okay, that alleviates some stress. Is there an extra fee for that onboarding support? Sales Rep, it's completely included in our annual team plan. We handle the heavy lifting of importing your employee data too, so you don't have to manually type anything. Customer, wow, that takes a lot off my plate. If you can handle the data migration, I'm a lot more comfortable moving forward. Sales Rep, absolutely, we do it all the time. Why don't we schedule a 15-minute call with our onboarding specialist to map out a timeline for your team? Customer, yes, let's do that. Can we do Wednesday morning? Sales Rep, Wednesday at 10 am works perfectly. I'll send over the meeting link right now. Customer, great, see you then.",en,0,10.1
CALL-1015,call_5.mp3,english,"Outcome, negative sales rep, hi Marcus, this is Kevin from Lead Genius. We spoke a couple of weeks ago about your goals for increasing outbound pipeline for your sales team. Customer, oh, hey Kevin. Yes, I remember. Thanks for calling. Sales rep, great. I put together a custom package based on your target market that would give your reps 500 verified leads per month. I wanted to see if you were ready to kick this off. Customer, to be honest with you, Kevin, our corporate office just announced a company wide freeze on all new software spending for the rest of the quarter. Sales rep, wow, I'm sorry to hear that. Is that across all departments, or is there any flexibility for tools that directly drive revenue? Customer, it's a hard freeze across the board. Even if I wanted this tool, and my team definitely needs it, I literally cannot get a corporate credit card approved right now. Sales rep, understood. Budgets can be unpredictable. Since the quarter ends in six weeks, does it make sense for us to reconnect early next quarter? Customer, honestly, looking at the forecasts, I think this freeze will likely extend into the next half of the year. It's better if we don't waste your time right now. Sales rep, I appreciate you being upfront about that, Marcus. I'll take a step back and let things settle on your end. I'll keep an eye on your company's updates. Customer, thanks for understanding, Kevin. Best of luck.",en,0,7.4
CALL-1016,call_6.mp3,english,"Outcome, positive sales rep, hi Jessica, this is Tom from Chatbot Pro. I saw your team is handling a huge volume of customer support tickets on your website and wanted to show you how our AI bot can automate half of those. Customer, hi Tom. We actually looked at your tool last month, but we had to pass because your platform didn't support WhatsApp integration. Most of our international customers reach out through there. Sales rep, I have some great news on that front. We actually launched our native WhatsApp business integration just last week. It allows the bot to handle WhatsApp chat seamlessly alongside your website widget. Customer, oh really? That's interesting. Can the bot route the conversation to a live agent via WhatsApp if it gets stuck? Sales rep, yes, exactly. If the AI can't answer a query, it flags a human agent who can jump right into the chat thread from our unified inbox. Customer, okay, that changes things. That was our single biggest blocker. Sales rep, I'd love to show you a quick demo of the live WhatsApp flow. Do you have 15 minutes tomorrow afternoon? Customer, let me check my calendar. Yeah, I can do 3.30pm tomorrow. Sales rep, perfect. I will send over a Zoom link right away. Looking forward to chatting tomorrow. Customer, sounds good, see you tomorrow.",en,0,8.2
CALL-1017,call_7.mp3,english,"Outcome, Neutral Sales Rep, Hi Brian, this is Sophia from FinTrack. I sent over the contract proposal for our expense management platform on Friday and wanted to see if you had a chance to review it. Customer, Hi Sophia. Yes, I received it. I skimmed through the terms, but honestly, I haven't had a single free hour to sit down and read it carefully with my legal team. It's been chaotic here. Sales Rep, I completely understand, end of month is always crazy for finance teams. Is there any particular section you or your legal team have questions about that I can clarify right now? Customer, no, it's nothing specific. We just have an internal policy that all multi-year software agreements must be thoroughly vetted by legal, and they have a two-week backlog right now. Sales Rep, that makes sense. We want to make sure your legal team is 100% comfortable. To keep things moving, would it help if I sent over our standard data privacy writer that usually answers most legal questions up front? Customer, yeah, that actually might speed things up for them. Send that over. Sales Rep, done. I will send that immediately. Should I follow up with you in about two weeks once they've had a chance to breathe? Customer, yes, give it two weeks. If they finish early, I'll let you know. Sales Rep, perfect. Thanks for your time, Brian. Talk soon. Customer, thanks, Sophia. Bye.",en,0,9.7
CALL-1018,call_8.mp3,english,"Outcome, Neutral Sales Rep. Hello David, this is Lisa from EDU Learn. We did a demo of our employee training platform last week, and I wanted to see what your thoughts were after sleeping on it. Customer, Hi Lisa. I still think the platform is fantastic. The micro learning modules are exactly what our team needs to complete their annual compliance training. Sales Rep, Awesome. I know you mentioned your VP of operations needs to give the final sign off. Have you had a chance to present the business case to them yet? Customer, I sent in the pitch deck you gave me, but he replied saying he wants to understand the ROI better before he signs the purchase order. He's very data driven. Sales Rep, That's standard for VPs. I actually have a one page ROI calculator spreadsheet that uses your team's size to estimate the hours and compliance fines saved. Would that help? Customer, Yes, Absolutely. If I can show him hard numbers, it's going to make my life a lot easier. Sales Rep, I'll email that to you right now. Would it be beneficial if I joined a brief 10 minute call with you and your VP to walk him through the numbers directly? Customer, let me show him the spreadsheet first. If he has tough questions, I'll pull you in for a quick call next week. Sales Rep, Sounds like a solid plan. I'll send the email now and follow up with you on Monday. Customer, Perfect. Thanks Lisa.",en,0,8.7
CALL-1019,call_9.mp3,english,"Outcome, positive sales rep, hi Karen, this is James from ReviewPulse. I noticed you've been collecting a lot of great customer feedback manually, and I wanted to see if you're ready to automate your review collection with us? Customer, hi James. We love the tool, but your annual plan requires upfront payment, and our current cash flow doesn't allow us to drop $2,400 all at once right now. Sales rep, I completely understand. Upfront annual costs can be a barrier for growing brands. We do offer a monthly payment option, though it doesn't include the 15% annual discount. Customer, how much would the monthly option come out to? Sales rep, it breaks down to $230 per month, build monthly, and you can cancel anytime you need to. Customer, $230 a month is definitely a number I can fit into our operating budget without needing special approval. Sales rep, perfect. If we set you up on the monthly plan today, you can start automatically collecting reviews from this week's customers by tonight. Customer, let's do it. Can you send over the link to input our credit card details for the monthly plan? Sales rep, sending it over via email right now. Let me know if you hit any snags while setting it up. Customer, got it, opening the link now. Thanks, James. Sales rep, you're welcome, Karen. Welcome to ReviewPulse.",en,0,9.2
CALL-1020,call_1.mp3,hindi,"अख़ उगड़ तरदी बच्छटवार लेंप थुज्ट्टिएश. समवाद डयालोग लेंठ थुज्टिएश. सिल्स पर्सं अमित व्यापार प्लस् ग्राहक राजेश शर्मा किराना स्टोर. बाज्चीत आमित नमस्कार क्या मेरी बाज्च्टषर्मा किराना स्टोर के मालिक राजेश जी से हो रही है? राजेश खाए मैं राजेश बोर रहा हूं. बताये क्या काम है? आमित राजेश जी मैं व्यापार प्लस् से बाथ कर रहा हूं. हमारी कमपनी कुदरा दुकानो के लिये धिजिटल भिलिंग और इनवेंटरी सुफ्ट्ट्वार बनाती है, जिस से आपका हिसाप किताब आसान हो जाएगा. राजेश भाई साहब, हमारे पास इतना समय नहीं है. और सच बताओ तो अभी हमें इसकी कोई जरूरत भी महसुस नहीं हो रही है. अमित मैं आपकी बाथ समच्छ सकता हूं राजेश जी. लेकिन इस सुफ्ट्वेर से आपका रोस का देड गन्ता बचेगा जो स्टोक मिलाने मी जाता है. आप बस पाच मिनद्का समय दें. राजेश देखिये बाथ समय की नहीं है. अभी दुकान का बजट बहुत तन चल रहा है. इस महीने हम कोई नया करच नहीं उठासकते. अमित सर यह करच नहीं बलकी निवेष है. हम आप को पहले पंडरा दिन का मुझ्त्र तरायल दे रहे है. अगर पसंद ना आए, तो आप पैसे मत दीजीएगा. राजेश अच्छा. पंडरा दिन के लिए सच में कोई पैसा नहीं कटेगा. कोई चिपा हुए चारच तो नहीं है न. अमित बilkul नहीं सर कोई हिडन चारच नहीं है. कल सुबहा हमारे एक जी कुटिव आप की दुकान पर आखर सबसेट कर देंगे. क्या सुबहा जारा बजे का समझ थीक रहेगा? राजेश थीक है, कल सुबहा जारा बजे बहेज दीजीए. देख लेते है कि यह हमारे काम आता है यह नहीं. दन्यवाद अबजेक्षन बजेट इश्व, बजजट की समस्या संटिमेंट अज़ितिव सकारात्मक रिस्क लेवल ख्लो ख्लो कम",hi,0,43.5
CALL-1021,call_10.mp3,hindi,"Abg. JA Try precisely three spells utilized to interpret this. अ क्या मैरि Bath Logistics owner विनothers cisai ho rahi hai room is composed by विनोद हा विनोद बोल रहा हूं क्या बात है भाई गवरव विनोद सर आपके पास जो भीश्ट्रक हैं उनके लिए हमारे पास एदवास जीपिएस और फ्यूल ट्राकिंग सिस्तम है इस से दीजल की चोरी रुकेगी और ट्रकों की लाइव लोकेशन मिलेगी विनोद गवरव जीए शिस्तम तो काम का लगरहा है हमारे यहा सच्छ्मुच दीजल चोरी की समस्या है लेकिन मैं इस पर अकेले फ्यसला नहीं ले सकता मेरे पार्टनर और बड़े बाई इस कमपनी के मुख्षे फ्यस ले देहें गवरव यह तो बहुत अच्छी बाई श़ क्या अच्छा हो सकता है कि कल यह पर सों जब आपके बड़े ब़ाई भी अफिस में हो तब मैं आखर आप डोनो को एक लाइव देमो देमो दिखादू। मुष्किल से पन्दरा मिनट लगेंगे विनोद, हा यह हह भिलकल सही रहेगा वे शनीवार को अफिस में ही रहते है आप शनीवार डोपहर एक बजे आजाए हम दोनो मिलकर इस पर बाथ करेंगे और फाईनल करेंगे गवरव बहुत-बहुत दन्यवाद सर मैं शनिवार दोपहर एक बजे आपके अपस पहुष जाँँगा. मैं आपको मीटिंका इनवितेशन भी बहेज देता हो. विनोद खीक है गोरवजी शनिवार को मिलते है! नमसकार गोरव जी नमसकार सर धन्यवाद अबजेक्षन नीध अप्रुवल फ्रुम मैंज्मेंट बटा पार्टनर, पार्टनर बटा सीन्यर मैंज्मेंट की मन्जुरी. संटिमेंट पोजटिव सकारात्मक रिस्क लेवल ख्लो कम",hi,0,69.5
CALL-1022,call_11.mp3,hindi,"समवाद 11, कोल 11, उदास, समाली, कलाउड, किचन, फरेंचाइजी, कलाउड, किचन, फरेंचाइज. लेंध 10, एक श्चेंज. भिक्री प्रतिनदी, आखाश नमस्ते सर, मैं बरगर नेशन फूर्च से आखाश बात कर रहा हूँ. क्या मेरी बात विकास जी से हो रही है? समभावित ग्राहक विकास हा, मैं विकास बोल रहा हूँ. कही ए आखाश जी क्या काम है? भिक्री प्रतिनदी, आखाश सर, आप ने हमारी वेपसाइट पर कलाउड किचन फ्रेंचाइजी के लिए अगाईगी थी. हमारे मोडल में बहुत कम इनवेस्विन्त में आप महीने का एक लाग तक कमा सकते है. समभावित ग्राहक विकास हा, मैंने विध्यापन देखा था. पर भाई साहब अभी मेरे पास नया काम शुरू करने के लिए फ्वंस की थोडी कमी है. मेरा बजजट अभी इसकी इजाजत नहीं दे रहा. बिक्री प्रतिनदि आखाश विकास जी मैं आप की बाथ समझ सकता हूँ. इसिलिये हमारी कमपनी ने एक नया लाइट मोडल निकाला है, जिस में शुरूवाती फीस आदी कर दी गये है, और बाकी आप काम शुरू होने के बाथ दे सकते हैं. समवावित ग्राहक विकास अच्छा. आजा भी कोई प्लान है क्या? अप यह यह यह यह तो वीगी पर लिस्तिंग सब हमारी तीन करेगी? आप को बस जगग़ देखनी है. समवावित ग्राहक विकास यह तो काफी सही लग रहा है. आप मुझे यह यह लाइट मोडल का पुरा दितेल वाट से पर बहेज दीजीए. समवावित ग्राहक विकास यह तो काफी सही लग रहा है. आप मुझे यह यह लाइट मोडल का पुरा दितेल वाट से पर बहेज दीजीए. मैं शाम को देखकर आप को बताता हूँ. बिकरी प्रतिनदी आखाश भिल्कुल सर मैं अभी पीटीएफ शेएर कर देता हूँ. कल दोपहर को मैं आप को फालोटवप के लिए क्योंगा. समवावित ग्राहक विकास थीख है कल बाट करते है. तांक्यु. अंत विवरन, अबजेक्ष्छन बजजेट इश्यू, बजजट की समस्या, संटिमेंट पोजटेव सकारात्मक, रिस्क लेवल ख्लो खम.",hi,0,36.4
CALL-1023,call_12.mp3,hindi,"समवात 12, कोल 12, उदास, माली, अदवान्स्ट, साइबर, सेक्योरती, साइबर, सेक्योरती, सलूटिन्स, लेंठ, नो एक्स चेंज, बिक्री प्रतिनेदी, स्वेता गुड अप्तर नुन सर, मैं साइबर शिएड, सोलूटिन्स से स्वेता बात कर रही हूँ. क्या मेरी बात आइटी हेड मनीश जी से हो रही है? समवावित ग्राहक, मनीश जी नमसकार, हा मैं मनीश बोल रहा हूँ. कहीए, बिक्री प्रतिनेदी, स्वेता मनीश सर, हम कमपनीो के सरवर और देटा को रैंसम वेर और हैकिन से बचाने के लिए अंडटूएं सेक्योरती प्रवाइट करते हैं? क्या मैं आपकी कमपनी के करन्ट सेटब के बारे में जान सकती हूँ? समभावित ग्राहक मनीश श्वेताजी, हमारे पास आलरेटी क्विक्प्रोटेक्ट का अंटरप्राइस प्लन चल रहा है, और हमारी सारी फायर वाल उनहीके तुम मैनेजद हैं. हमें अभी किसी नहीं वेंडर की जरूरत नहीं है. भिक्री प्रतिनदी, श्वेता बहुत बड़िया सर क्विक्प्रोटेक्ट अच्छा ब्राँन्द है. लेकिन क्या आप जानते हैं कि पिच्ले महीने आए नैं मालवेर को वो डितेक्ट नहीं कर पारहा है. हमारा सिस्टम एएई बीस्ट है, जो 0-day attacks को भी रोक ता है. सम्हावित ग्राध, मनीच देखिये. हमारा उनके साथ तीन साल का कुन्ट्रक्त है, और अभी वो साल बागी है. बिच में वेंडर चेंज करना हमारे लिए पोसिबल नहीं है बिक्री प्रतिनदिए श्वेता मैं समच सकती हूसर हम आप अप की मोजुदा वेंडर को रिपलेस करने के लिए नहीं कह रहे बलकी एक एक अडिषनल सिक्ष्ट्टी लेर के रूप में पन्द्रह दिनका फ्री पालाट रन अफर कर रहे है सम्वावित ग्राहक मनीश अभी हमारे पास नहीं सुवट्वेर को टेस्ट करने का ताएं नहीं है आप एक काम कर ये अपना ब्रोशर मेरी E-mail ईडिए पर ड्रोप कर दीजीए अगर कभी जरुरत लगी तो हम खुद रीच आव्ट करेंगे दिक्री प्रतिने दिछ, श्वेता जी जरूर सर मैं E-mail बेज देती हुँ कीमती समवै देने के लिए द्हनिवाद अथ विवरन अबज्च्छन इग्सिस्टिं सर विस प्रवाइडर, वर्तमान सेवा प्रदाता बता सक्रिय अनुबंद सेंटिमेंट नुट्रल, ततस्त, रिस्क लेवल, मेट्यम, मद्यम",hi,0,66.2
CALL-1024,call_13.mp3,hindi,"समवाद 13, कोल 13, उदास, माली, अनलाईं, कोटिंग, खाँजिज़, अनलाईं, कोटिंग, फार किटच, लेंठ नाउ एक्स चेझज, दिक्री प्रतिनदि, पुजा नमस्ते मैं, मैं, जून्यर, कोडर, एकेट्मी से पुजा बात कर रही हूँ. क्या मेरी बात आरव की मदर से हो रही है? समवावित ग्राहक, आरव की माहा, मैं, बोल रही हूँ. बताये कहा से फोन किया है? बिक्री प्रतिनदि, पुजा मैं, हमारी एकेट्मी चेसे पन्द्रह साल के बच्छों को गें देवल्लप्मेंट और कोडिंग सिखाती है, जिस से उनकी लोगिकल ठिंकिंग बड़ती है. आरव के लिये हमने एक फ्री कोडिंग ख्लास शेड्डिल की है. समबहावित ग्राहक, आरव की मानही नहीं, मुझे इन सब चीजो में कोई अई अईट्रेस्ट नहीं है. आजकल फोन पर आजी बहुत्सी फेग ख्लासेस वाले आते हैं, और बाद में हाजारों रुपाए का कोर्स चिपका देते हैं. अनलाईं पड़ाई पर मुझे कोई भरोसा नहीं है. बिक्री प्रतिनदी पूजा मैंज आपकी चिंता बिलकुल जायस है. लेकिन हमारी एकटमी मिनिस्ट्री अफ एजुकेषन से मानियता प्राझथ है, अर हमारी लाइप खलासेस में पेरेंस भी साथ बैट सकते हैं ताकि आप खुड देक सकें कि बच्चा क्या सीक रहा है. समवावित ग्राहक आरव की मा अरे नहीं भाई मुझे पता है. बाद में आप लोग रोस फोन कर के परिशान करते हो. मुझे अपने बच्चे का सक्रीं ताएम और नहीं बड़ाना है, वो वैसे ही फोन में लगा रहता है. भिक्री प्रतिनदी पुजा मैंग, हमारी खलासेस केवल विकेंड पर एक गंते की होती हैं, जो बहुत क्रीटिव होती हैं. समहावित ग्राहक आरव की मां मुझे बहेस नहीं करनी है. मैंने कह दिया नहीं की मुझे नहीं चाहीं. प्लीज मेरा नमबर अपनी लिस्ट से हता दीजी ए, और दोबारा फोन मत करीगा. भिक्री प्रतिनदि, पुजा थीक है, मैं, परिशान करने के लिए माफी चाहती हूँ. अंत विवरन, अबज्च्छन प्रस्ट कनसर्न, विश्वास की कमी बता अनलाईं फ्रोट काडर, सेंटिमेंत नेगेटिव नकारात्मक, रिस्ट लेवल, हाई उच्चट,",hi,0,40.9
CALL-1025,call_14.mp3,hindi,"समवाद 14, कोल 14, उदास, माईली HR-peirole Management Software, HR-peirole Software. लेंठ 10, एक श्चेंज. भिक्री प्रतिनिदि, रोहित नमस्कार सर, मैं पेमास्टर तेख से रोहित बात कर रहा हूँ. क्या मेरी बात अपरेशन्स हेज संजीट जी से हो रही है? समबहावित ग्राहक संजीट हा, संजीट बोल रहा हूँ. बताये रोहित जी, क्या बात है? भिक्री प्रतिनिदि, रोहित सर, हमारा साअझ्टवेर कंपनीो में ठाईज की अटेंटेंस, लीव और सैलरी प्रोसेसिं को पुरी तरह अतोमिटिक कर देता है. इस से हर महीने होने बाली पेरोल की गलतिया कहत्म हो जाती है. समबहावित ग्राहक संजीट सोफ्ट्वेर तो काम का लगरा है, किंकि हमारे यहा मैनिवल एक सेल में काफी टाईन जाता है. लेकिन दिक्कत यहा है कि हमारे सारे बड़े दिसीजन्स बोड अफ्ट्डीरेक्तर्स और सीएो सर लेते है. मैं इस पर अकेले हा नहीं कहे सकता. बिकरी प्रतिनदि, रोहित बिलकुल संजीट सर कोरपोरेत में यह बिलकुल सही प्रोसेस है. क्या हम इस थर सडे को आपके सीएो सर और आपके साथ एक संखषिप्त दस मिनड्ट की जुम मीटिंग रक सकते है. जहां मैं उनहे इसका लाईव रिटरन अन इनवेस्टमिंट, आरोहाई दिखा सकु. समबहावित ग्राहक संजीट इस गुरुवार को तो सर अब अप टाउन है. एक काम कर यह आप मुझे इस सुअझ्ट्वेर की एक के स्टडी और कमर्षिल प्रपोसल भेज दीजीए, ताकी मैं अपकमिं मंडे की अन्टरनल मिटिंग में इसे उनके सामने रक सकु. बिक्री प्रतिनिदि रोहित बहुत बड़िया सर. मैं आज ही प्रपोसल डाफ्ट कर के आपकी मेल पर सेंट कर देता हू. क्या मैं मुझे शाम को आपको कौल कर सकता हू यह जानने के लिए की मैंनजमिट का क्या रिस्पौंस रहा? सम्हावित ग्राहक संजीत हा मुझे शाम को चार बजे के बाद आप मुझे कुल कर सकते हैं. तब तक मीटिंग कहत्म हो जाएगी. बिक्री प्रतिनिदि रोहित निष्चित रोप से सर. अपना समय देने के लिए बहुत-भहुत धन्यवाद. सम्हावित ग्राहक संजीत दन्यवाद रोहित जी. अंत विवरन अबजेक्ष्शिन नीध अप्रुवल फ्रुम मैनज्छ्मेंट प्रबंदन से मन्जूरी की आवश्षकता. संटिमेंट पोजटिव सकार आत्मक रिस्च लेवल्ख लोओ कम.",hi,0,43.1
CALL-1026,call_15.mp3,hindi,"समवाद पन्द्र, कोल पन्द्र, उदास, समाईली कमर्ष्यल प्रप्र्टी अन्वेस्ट्मेट, कमर्ष्यल रियाईस्टेट. लेंथ नाउ एक्स चेंज. भिक्री प्रतिनिदि, दीपक नमस्कार सर, मैं स्काईलाईन रेल्टर्स से दीपक बात कर रहा हू. क्या मेरी बात नितिन जी से हो रही है? सम्हावित ग्राहक नितिन हा, नितिन बोल रहा हू. कही ए दीपक जी? भिक्री प्रतिनिदि, दीपक नितिन सर, नोएडा सेक्तर बासट्फ में हमारा एक नया कमर्ष्यल प्रट्यक्त आया है, जहा आप को एश्वोड रिटरन और पहले दिन से लीज रेंट मिलना शुरू हो जाएगा. इन्वेस्ट मिंट केवल प्चीस लाग से शुरू है. समवावित ग्राहक, नितिन प्रोजेक्त तो थीक है दीपक जी, और मैं प्रोपर्टी में इनवेस्ट करना भी चाहता हूँ. लेकिन सच बताओ तो अभी शेर मरकेट और मेरे अपने बिसनिस में काफी पैसा ब्लोक है. मुझे तोडा वक्त चाहिये कम से कम तो से तीन महीने. बिक्री प्रतिनदी दीपक सर मैं आपकी सिटूएशन समच्छ सकता हूँ. लेकिन अभी प्रीलाउंचिन अफर चर रहा है, जिस में रेट्स काफी कम है. अगर आप तीन महीने बाद आएंगे, तो प्रती स्क्वायर फीट डाम कम से कम पन्दरह परसेंट बडजाएंगे. समवावित ग्राहक, नितिन वह बाथ तो ठीक है, पर बिना लिक्विड केषके मैं कमिट नहीं कर सकता. अभी जल्द भाजी में दिसीजन लेना मेरे लिए तीक नहीं होगा. मुझे थोडा रुकना ही पडेगा. बिक्री प्रतिनदी दीपक छीक है, नितिन सर, मैं आपकी बाथ का सम्मान करता हूँ. क्या मैं सितंटंबर के पहले हवते में आपको दोबारा कोल करूँ, जब आपका फन्स थोडा फ्री होगाई. सम्हावित ग्राहक नितिन हा, सितंटंबर में आप मुझे फोँन कर सकते है. तब तक मेरी एक एख्डी भी मैच्योर होने एग, तो मैं बहतर पोजीशन में रहुँगा. दिक्री प्रतिनदी दीपक बहुत-बहुत दन्यवाध सर, मैं सितंटंबर में आप से समपर करूँँगा. आपका दिन शुग हो. अंत विवरन अबजेक्षन नीद मोर ताएम अदिक समय की आवष्षकता बता फुंड भ्लोक होने कारन. संटिमेंट नुट्रल तटस्त रिस्क लेवल मेट्यम मद्यम",hi,0,46.2
CALL-1027,call_16.mp3,hindi,"समवाद 16 कोर 16 उदास माईली वेरहाूस लोजिस्टिक्स सर्विसेस वेरहाूस लोजिस्टिक्स. लेंथ 10 एक्स चेंज बिक्री प्रतिनिदि करन नमसकार सर मैं लोजिस्टिक प्रोसे करन बोल रहा हूँ. क्या मेरी बात एकोमर्स ऊनर विवेक जी से हो रही है? समवावित ग्राहक विवेक हा भाई विवेक बोल रहा हूँ. जल्दी बोलिए मैं थोडा भिजी हूँ. बिक्री प्रतिनिदि करन सर हमारी कमपनी दिल्ली एंसी आर में मोडरन वेरहाूसिंग और तीं पी ल, तीं पी ल, लोजिस्टिक्स सर्विस देती है, समवावित ग्राहक विवेक देखो भाई, हमारे पास आल्रेटी अपना खुद का गोडाम है, और हमारे अपने लडके डिलीवरी का काम समभाल रही है. हमारा सिस्टम सालो से सेट है, हमें किसी बाहरी सर्विस की जरुरक नहीं है. बिक्री प्रतिनिदि, करन सर, कुडके गोडाम में फिक्स्ट रेंट और लिपर का सिर्गर्द हमेशा रहता है. हमारे साथ जुरने से आपको सर्फ उतनी ही जगगे का पैसा देना होगा, जितना आपका स्टोक है. अपने लगकों पर भरोसा रहता है, तरड पार्टी वाले पैकेट्स को देते है, या दिलीवरी लेट करते है. मेरा पुराना सिस्टम ही मेरे लिए बेस्ट है. बिक्री प्रतिनिदि, करन सर, हम एक अप आपका साथ बाहरी जंजत नहीं जाही. अपने लगकों पर भरोसा रहता है, तरड पार्टी वाले पैकेट्स को देते है, या दिलीवरी लेट करते है. मेरा पुराना सिस्टम ही मेरे लिए बेस्ट है. बिक्री प्रतिनिदि, करन सर, हम एक सो परसेंट अप इंशुरेंस, अप विवेक यार जब एक बार बोल दिया, कि मुझे कोई अई अई अई अई अई अई अई अई बार बार वही बात क्यों बोल रहे हो. मेरा ताएम मत विस्ट करो. फों रख हो अग. बिक्री प्रतिनिदि, करन खेद है सर, अप विवरन, अबज्छ्छन इग्सिस्टिंच सर विस्ट प्रवाइडर बता इनहाँस सेटाप, स्वयांका सेटाप बता बदलाव का विरोद. संटिमेंट नेगेटिव नकारात्मक. रिस्क लेवल, हाई उच्चट, अप विवरन, अप ज्च्छन इगसिस्टिंच सर विस्ट प्रवाइडर बता इनहाँस सेटाप, स्वयांका सेटाप बता बदलाव का विरोद. संटिमेंट नेगेटिव नकारात्मक. रिस्क लेवल, हाई उच्चट,",hi,0,38.3
CALL-1028,call_17.mp3,hindi,"समवाद सत्रह, काल सत्रह, उदास, माली, जिम, अंद, वलनिस, करपोरेट, मेंबर्षिप, करपोरेट, जिम, मेंबर्षिप. लेंठ नाउ एक्स चेंज. भिक्री प्रतिनिदी, किरन, गुड, मार्णिंग, सर, मैं, गोल्ट्स, फिटनिस से किरन बात कर रही हूं. क्या मेरी बात एद्मिन मैनेजर राकेष जी से हो रही है? समहावित ग्राहक, राकेष गुड मुर्डिंग, हा मैं राकेष बोल रहा हूं. बताये किरन जी. भिक्री प्रतिनिदी, किरन, सर, हम आपकी कम्पनी के करमचारियों के लिए एक स्पेष्छल कोरपोरेट वैलनिस प्रोग्राम लेकर आए हैं. जिस में आपके आम्प्लोइच को हमारी सभी ब्राईचेच पर जिम मेंबर्षिप पर पचास परसेंट का दिसकाूंट मिलेगा. समहावित ग्राहक, राकेश अफर तो अच्छा है, किरन जी, हमारे आम्प्लोइच भी फितनेस अक्टिविटीस के लिए पुचते रहते हैं. लेकिन कमपनी का इस साल का वेल्फेर बजध आल्रेटी फ्रीस होचुका है. हम एकस्त्रा फ्रन्ट एलोकेट नहीं कर पाएंगे. भिक्री प्रतिनिदी किरन राकेश सर इस प्लान की सबसे अच्छी बात यहा है कि इस में कमपनी को कुछ भी पे नहीं करना है. यह पूरी तरहे से एंप्लोइपेंट मोडल है. कमपनी को बस हमारे इस अफर को इंटरनली इमेल के च्रुब रमोट करना होगा. समभावित ग्राहक राकेश अच्छा. यानी कमपनी की तरफ से कोई दिरेक्ट फ्रिनाँच्छल लायएबिलिती नहीं है. भिक्री प्रतिनिदी किरन बilkool नहीं सर. कमपनी का बजट जीरो रहेगा. बस आपके करमचारियों को आपकी अईडी दिखाने पर यह भारी डिस्काूंट मिल जाएगा. समभावित ग्राहक राकेश फिर तो कोई दिक्कत ही नहीं है. आप मुझे इस आमप्लोईपेंट मोडल का कूपन्कोर और इमेल का डाफ्ट भेज दीजीए. मैं इसे आज ही अपने अंटरनल पोर्टल पर डल्वा देता हूँ. भिक्री प्रतिनिदी किरन बहुत-भहुत दन्यवाध सर. मैं तुरंट सारी दितेल्स आपके वाट सेप और इमेल पर शेएर कर रही हूँ. अंत विवरन अबजेक्ष्शन बजज़ इश्व, बजजट की समस्या, जिसे कोरपोरेट मोडल से सुझजाया गया. सेंटिमेंट पोजटिव सकारात्मक रिस्क लेवल ख्लो कम.",hi,0,42.7
CALL-1029,call_18.mp3,hindi,"समवाद 18, call 18, उदास, माली, bulk SMS & WhatsApp API, bulk SMS WhatsApp API. लेंठ नाउ एकस चेंज. भिकरी प्रतिनदि, विकास नमस्ते सर, मैं टेक्स ट्रेंफो से विकास बात कर रहा हू. क्या मेरी बात प्रावल एजन्सी के उनर सुमित जी से हो रही है? समभावित ग्राहक सुमित हा, सुमित बोल रहा हू. कही ए विकास जी, प्रावल एजन्सी के रिगार्टिंग क्या काम है? भिकरी प्रतिनदि, विकास सुमित सर, आपकी एजन्सी ग्राहकों को टिक्कत और टूर पैकेज बेज्ती होगी. हमारी वाड से प्रिसनिस आप्याई से आप एक खिलिक में हाजारों ग्राहकों को उनके आम के साथ, अफर्स और टिक्कत अटोमेटिक्ली बेज्ते है. समभावित ग्राहक सुमित सुमित जी, तूल तो अच्छा है. पर आजकल वाड से पर बहुत जल्दी नमबर ब्लोक हो जाते है. मरकेट में कई प्रोवाइटर्स के सर्वर डाउन रहते है. हम कैसे मान ले की आपका सिस्तम रेलाईबल है. बिक्री प्रतिनदी विकास सर आपकी चिन्ता बिल्कुल सही है, कियोंकी अन्फिष्यल तूल्स से नमबर ब्लोक होते है. लेकिन हम मेता मेता के अफिष्यल पार्टनर है. हमारा अप्ताई निन्यानवे दशमलव 9% है और आपको ग्रीं तिक मिलने में भी मडड़ मिलेगी. समबहावित ग्राहक सुमित अफिष्यल है तो टीक है, पर फिर भी बिना टेस्ट किये मैं इस पर बड़ा आमावत नहीं लगा सकता. मुझे पहले इसका परफरमिन्स देखना होगा. भिक्री प्रत्नदि विकास सर मैं आपको एक सो फ्री क्रेटिट्स के साथ एक तेस्ट अकाूंट बना देता हूँ. आप खुद अपने नमबर पर मैसेज बेज कर इसकी स्पीड और डिलीवरी रिपोर्ट चेख कर लिजिये. समबहावित ग्राहक सुमिठा यह थीक रहेगा. आप मुझे टेस्ट अकाूंट का लिँक और क्रेटेंशियल्स वाट सेप कर दीजीए. मैं कल फ्री होकर इसे चेख करूंगा फिर आपको बताता हूँ. दिक्री प्रतिनदी विकास जी निष्चित रूप से सर मैं तुर्थ लिंक शेएर करता हूँ. दन्यवाद, अंत विवरन, अबजेक्ष्ष्ट खंसरन बता टेकनिकल रिलायगिलेटी, विष्वस नियता और नमबर भ्लोक होने की चिन्ता. संटिमन्त नौटरल तटष्ट रिस्क लेवल्ख लो खम",hi,0,47.5
CALL-1030,call_19.mp3,hindi,"समवाद उन्नीस, काल उन्नीस, उदास, समाईली अड़्ट्रील, वाटर, प्यूरी फायर, अड़्ट्रील, रोप्लान्त. लेंथ नाउ एक्स चेंज बिक्री प्रतिनिदी, पवन नमसकार सर, मैं एक्वा प्योर कमर्शियल से पवन बात कर रहा हूँ. क्या मेरी बात टेक्सटाईल मिलके उनर आनन्द जी से हो रही है? सम्हावित ग्राहक आनन्दा, आनन्द बोल रहा हूँ. कही ए पवन जी क्या बात है? बिक्री प्रतिनिदी, पवन आनन्द सर, आपकी टेक्सटाईल मिलके लिए हमारे पास हाई कापैसिती अंड्ट्रियल आरो प्लाड्ट है. जो पानी के TDS, TLS को कंट्रोल करके आपकी मशीनो की लाइप बड़ा देंगे, और कपडों की डाएंग कौलिती बहतर करेंगे. सम्हावित ग्राहक, आनन्द पवन जी, हमारे यहा आल्रेटी एक लोकल वंडर का आरो प्लाड्ट लगा हूँँ है, अर वो हर महीने आखर सर्विसिंग भी कर जाता है. तो अभी नया प्लाड्ट लगाने का कोई मतलब नहीं बनता. भिक्री प्रतिनदी, पवन सर, लोकल प्लाड्ट स में भिजली की कबपत बहुत जयादा होती है, और पानी भी बहुत वेस्ट होता है. हमारा नया पाँच श्टार लेटेट प्लाड्ट आप की भिजली का भील 30% कम कर देगा. समबहावित ग्राहक, आनन्द देखो भाई, भिजली का भील जो भी आडा है, हम उसे मैनेच कर रहे है. अभी हमारा उस वेडर के साथ पुराना संबंद है, तो हम उसे आचानक नहीं हथा सकते. अभी इसकी कोई जरुरत नहीं है. बिक्री प्रतिनदी पवन सर मैं हथाने को नहीं कहरा. बस एक बार हमारे अंजिनिरस को आखर पानी की फ्री टेस्टिन करने का मुअका देए. समहावित ग्राहक आनन्द नहीं पवन जी मैंने एक बार साथ कह दिया की हमें अभी कोई रुची नहीं है. जब जरुरत होगी तो देख लेंगे. अभी आप फों रक सकते है. मैं थोडा विस्त हूँ. भिक्री प्रतिनदि, पवन थीक है सर अपना समय देने के लिए दन्यवाद. अंत विवरन, अबज्च्छन इग्सिस्टिंच शर विस्प वाइडर, वर्तमान सेवा प्रदाता बता विक्तिगत समबनद. संटिमेंत नेगेटिव नकारात्मक. रिस्ख लेवल, हाई उच्च्च्च्च्.",hi,0,52.1
CALL-1031,call_2.mp3,hindi,"ॐौl 2 ौk Digital Marketing Services, Digital Marketing Services ौ ौs ौmwad Dialogue Length Nine Exchanges ौs ौsp ौrseant ौnja Growth Drive Digital ौgrhok Rahul Bhutik Onar ौb aath cheet ौnja Namaste sir, मैं Growth Drive Digital से बात कर रही हूं अग, मेरी बात रहुड जी से हो रही है? ौr- Bhut- Raful ौs ौnja Namaskar, हा मैं रहौl बोल रहा हूं कहीए, नहां राहुल जी हम ने आपकी बुटीक की वेपसाइत देखी, हम आपकी औनलाईन बिक्री को सोषल मेड्या विध्यापनो के जर्ये दोगुना करने में मददत कर सकते हैं. राहुल दन्यवाड नेहाजी, लेकिन हम पहले से ही एक लोकल एजन्सी के साथ काम कर रही हैं. वे हमारा सारा काम देख रही हैं. नेहाच यह तो बहुत अच्छी बात है, सर, अप भी वेबसाइत के कनवर्टर लेट और अप इन्स्टाक्राम रील्स पर भी काम कर रही हैं. राहुल रहा वे पोस्ट डालते रहे हैं. वैसे भी हम उनके काम से थीक ठाख सन्तुष्त हैं, तो अभी बडलने का कोई अरादा नहीं है. नहाँ भी ल्कुल सर मैं बडलने को नहीं कह रही. हम बस एक फ्री अड़ेट बाँड बना कर देंगे, जिस से आप आप अपनी मोजुदा एजन्सी का परफरमेंस चेख कर सकें. इसके लिए कोई शुल्क नहीं है. रहुल फ्री रिपोट है, तो आप बहेज दीजे. मेरी एमेल अईटी नोट कर लिजिए, rha.bolutqui8emayel.com. पर मुझे फों दोबारा मत कर येगा, मैं खुड देख लुँँँँँँँँँँँ. नहाए जी दन्यवाद रहुल जी, मैं शाम तक लिएमेल कर दूंगी. आपका दिन शुग हो. अबजक्षन इगसिस्टिंच सर्विस प्रवाइडर, वर्त्मान सेवाप्रदाता. सेंटिमन्त नुट्रल, तटस्त. रिस्क लेवल, मेट्यम, मद्यम.",hi,0,51.2
CALL-1032,call_20.mp3,hindi,"सम्वाद-BIS, call-bis, udaas, smali-fleet insurance, and asset-tracking, fleet insurance solutions. लेंट-duss exchange बिक्री प्रतिनेदि, आर्थी नमसकार सर, मैं भारत इंशौरंज से आर्थि बात कर रही हु. कया मेरी बात लोगिस्टिक्स डिरेक्टर गुर्मीट जी से हूरही है? समभावित ग्राहक गुर्मीत हाजी सक्ष्री अकाल गुर्मीत बोल रहा हूँ दस्सो जी की गल लहे बिक्री प्रतिनदी आर्ती गुर्मीत जी आपकी कमपनी के पास जो पचास से जाडा कमर्षिल गाड्या है उनके लिये हमारे पास एक कमबाईड फ्लीट इंशौरंस प्लान है इस में आपको अप अप इंडविज्वल प्लिसीज के मुकाभले प्ट्चीज प्र्षेंट कम प्रीम्यम देना होगा समभावित ग्राहक गुर्मीत प्लान तो आपका काफी अप आपको प्लीट बाईदे मंड लग रहा है किंकि हर गाडी का अलग इंशौरंस मैनेच करना हमारे लीभी बहुत सिर्दर्ट का काम है लेकिन मैं इस पर अकेले फैस्ला नहीं ले सकता हमारे बोर्ड के जो फाइनेंस देरेक्टर है बिकरी प्रतिनदी आरती बिल्कुल गुर्मीच सर इतने बड़े फ्लीट के लिए फैनेच दिपार्ट्मेंट की मनजुरी बहुत आवश्षक है मैं आपके फैनेच देरेक्टर के लिए एक दितेड खुस्ड बेनिफिट एनालिसिस शीट अप प्रपोँजल में यह साफ साफ लिख देना की हम सालाना कितना पैसा बचापाएंगे हमारी बोर्ड मीटिंग इस फ्राइडे को होनेवाली है मैं इसे एजैंडा में रख्वादुंगा बिकरी प्रतिनदी आरती बहुत अच्छा सर अप प्रपोँजल में यह साफ साफ लिख देना की हम सालाना कितना पैसा बचापाएंगे हमारी बोर्ड मीटिंग इस फ्राइडे को होनेवाली है मैं इसे एजैंडा में रख्वादुँगा बिकरी प्रतिनदी आरती बहुत अच्छा सर मैं आज शाम तक ही पुरा कमपैरिजन चार्ट और प्रपोँजल आपकी इमेल पर सेंड कर दुँँगी क्या मैं साटरटे को मीटिंग के बाड आपको फ्रोड़ोट काल कर सकती हूं समबावित ग्राहक गुर्मीथ हा बिलकुल साटरटे दो पहर को 12 बजे के बाड आप मुझे कुल कर लेना तब तक मुझे बोड़ का डिसीजन पता चल जाएगा बिक्री प्रतिनदी आरती बहुत-भहुत द्श्वाद गुर्मीथ सर आपका दिन शुभ हो साटरटे दो पहर को 12 बजे के बाड आप मुझे कुल कर लेना तब तक मुझे बोड़ का डिसीजन पता चल जाएगा बिक्री प्रतिनदी आरती बहुत-भहुत द्श्वाद गुर्मीथ सर आपका दिन शुभ हो समबावित ग्राहक गुर्मीथ ख्यु बेटा संटिमन्त पोजटेव सकारात्मक रिस्क लेवल ख्लो खम",hi,0,67.8
CALL-1033,call_3.mp3,hindi,"कौल 3 करपोरेत हेल्टिन्सौर्रेंस, करपोरेत हेल्टिन्सौर्रेंस, समवाद डायालोग लंत नाु ऐक्स्छेँझुज़। सेल्स पर्सन विक्रम, सुरक्षा लाइप, ग्राहक, विकास, एचर मनेजर। बाद्चीत विक्रम नमस्कार सर, मैं सुरक्षा लाइव से विक्रम बात कर रहा हूँ. क्या मेरी बात एच्रार मैनेजर विकास जी से हो रही है? विकास, हा विकास बोल रहा हूँ. कही ए विक्रम जी, किस सिलसिले में फोंन किया है? विक्रम सर आपकी कमपनी के करमचारियों के लिये हमारे पास एक बहतरीं ग्रुप हेल्त इंश्झोरन्स प्लान है, जिस में मैटरनिती और पहले दिन से बीमारिया कवर है. विकास प्लान तो थीक है, लेकिन असी बहुत सी कमपनिया फोंन करती है. बाद में जब ख्लें सेटल्मेंट की बात आती है, तो हाथ कडे कर देती हैं. बाजार में नहीं कमपनियों पर भरोसा करना मुष्किल है. विक्रम सर आपका दर बिलकुल जायस है. लेकिन हमारी कमपनिय का ख्लें सेटल्मेंट रेशियो निन्यानवे दशम लव 2% है, जो अप अप अप अप यहाँ नहीं सबसे बहतर है. हम अप आपका डी आई से पुरी तर है रजिस्टरद है. विक्यास वो तो सब छायिक है, पर काग्जी डावोव और realistically में फरक होता है. मिरे पास पहले भी एक कमपनी काख्र अनुबहव रहा है. विक्रम सर मैं आपको आब की ही अंडिस्टरी के तीन बड़े ख्लाईंस के रेट्रेंस दे सकता हूं अप उन्दे थी बाद कर सकते हैं. विकास्त नहीं भाई, मुझे इन सब जंज्टो में नहीं पडना है. हमारी वर्त्मान पोलिसी ही सही है, हम कोई रिस्क नहीं लेना चाहते. दन्यवाद फों रख्ये. विक्रम थीख है सर शमय देने के लिए धन्यवाद. विक्रम थीख है सर शमय देने के लिए दन्यवाद. अबजक्षन त्रस्ट कनसरन विष्वास की कमी. संटिमेंत नेगेटेव नकारात्मक. रिस्क लवल, हाई उच्छट.",hi,0,77.2
CALL-1034,call_4.mp3,hindi,"कौल 4 अपूस इवंटरी सपलाई अपूस इवंटरी सपलाईす. समवाद द्यालोग लं� tha नाँ एकष्टेझजईs. सल्स पर सन रोहन ौप्ठिस दीपो क्राहग न सूनीता परच्द हेज हेज. भाछ चीत। रोहन, गुड मुरनिं, मैं अफिस दिपोषे रोहन बात कर रहा हूं. क्या मेरी बात पर चेज हैज, सुनीता जी से हो रही है? सुनीता हा, मैं सुनीता बोल रही हूं. बताये रोहन जी. रोहन, मैंग, हम करपोरेट, अफिस, स्टेशनरी, और हाँस्कीपिं, मतेरिल के थोग सपलायर है. हम बाजार से पन्दरह परसेंट कम डामो पर सीधे अफिस में डिलीगरी देते हैं. सुनीता आप की कींतें और कैतलोक तो अच्छे लग रहे हैं. लेकिन मैं अकेले इस पर फैसला नहीं ले सकती. इसके लिए मुझे अपने फाइनेंस देरेक्टर और मैनज्मेंट से मनजुरी लेनी होगी. रोहन बिलकुल मैंग, करपोरेट में यह प्रक्रिया स्वाभाबिक है. मैं आपके मैंज्मेंट के लिए एक कस्टमाइज्ल प्रपोदल और कोतेशन बनाकर भेज देता हूँ, जिस से आपको मनजुरी मिलने में आसानी होगी. सूनीता हा, यह सही रहेगा. आप मुझे पूरा प्रपोदल इमेल कर दीजीए. हमारी अगली मीटिंग अगले हबते की भुद्वार को है, मैं उस में यह मुद्दार रहूंगी. रोहन बहुत बड़िया मैं. मैं आज ही इमेल कर देता हूँ. क्या मैं मीटिंग के बाद, यानी गुरुवार को आप को फुलोप के लिए फुन कर सकता हूँ. अबज्च्छन नीद अप्रुवल फ्रुम मैंज्विन्ट प्रबंद्धम से मन्जूरी की आवश्षकता. संटिमिंट पोजटिव सकारात्मक. रिस्क लेवल ख्लो कम.",hi,0,46.2
CALL-1035,call_5.mp3,hindi,"Kangique with N64-H Ord entsche goes automatically into सोुलर से अंजली बात कर रही हूं क्या म greeting bye hi chore hai... जिनकाsimfad stencil by coconutसे अप भ continua सब मि� Illря अंजली विचार तो आपका अच्छा है, और हम खुद भी इसके बारे में सोच रहे थे. लेकिन अभी हमारे पलांट का विस्तार चल रहा है, इसलिये हम बहुत विस्त हैं. हमें थोडा समझ चाहिए. अंजली सर्क मैं समझ सकती हूँ की पलांट एक सपेंषन में कितना समझ जाता है. लेकिन अगर आप आप आभी योजना बनाएंगे, तो सरकारी सबसीटी का लाब उठाप आएंगे, जो इसी तिमाही तक उपलड़ है. हरीष्प नहीं अभी तो बिलकुल मुमकिन नहीं है. कम से कम तो टीन महीने तक हम इस बारि में कोई नहीं चर्चा नहीं करना चाहते. सारा द्यान काम पर है. अंजली खीख है हरीष्सर मैं आप की प्राथमिक्ता का सम्मान करती हूँ. क्या मैं तीन महीने बाद अगस्ट के पहले हवते में आप को तोबारा सम्पर्क कर सकती हूँ. हरीष्च खा अगस्ट में आप मुझे फोंकर सकती है. तब तक हमारा काम थोडा हलका हो जाएगा. तब हम शानती से बैट कर बात करेंगे. अगस्ट में बाद करूंगी. अपना ख्याल रख्ट हैगा. अबजेक्ष्चन नीड मोर ताएम अदिक समय की आवष्षकता. सेंटिमेंट नुट्रल तटस्त. लिस्क लेवल मेट्यम मद्यम",hi,0,67.9
CALL-1036,call_6.mp3,hindi,",, kardeş FORG jej scan reply fri time vol, सतीश भाबहाई सतीश भोल रहा हूं जल्दी भोलिए मैं एक मेटिंग में जारहा हूं मनोज सर हमारा C-R-M software आपके रिल एस्टेट लीट्स को मैनेच करने और सेल्स तीम की प्रैकिंके लिए best है इस से आपकी कोई भी लीट मिस नहीं होगी सतीश देखो भाई, हमारे पास पहले से ही एक सेल शीट और एक पुराना सोफ्ट्वेर है, हमारा काम बडया चल रहा है हमें किसी नये तामजाम की जरुरत नहीं है मनोज सर एक सेल में डेटा लीख होने का खत्रा रहता है और तीम ट्रैकिं नहीं हो पाती हमारा सोफ्ट्वेर मोभाल पर भी चलता है, जिस से फीड एजन्स तुरंट अप्टेट दे सकते हैं सतीश मैंने कहाना, मेरी टीम पुराने सिस्टम के साथ कमफर्टेबल है नया सोफ्ट्वेर लाएंगा, तो उनही ट्रेनिग देनी पडेगी समय बरभाद होगा मुझे नहीं चाहीं, मनोज सर प्रेनिग हमारी टीम भीलकुल फ्री में देगी और केवल दो दिन का समय लगेगा एक बार आप देमो, सतीश नहीं भाई मुझे बहेस नहीं करनी जब कह दिया की नहीं चाहीं तो बात कहत्म, फों रख्खिये अब, मनोज खेद है सर परिशान करने के लिये माफी चाहता हूँ अबज्च्छन इगसिस्टिंश शर्विस प्रवाइटर बताचेईज रिशिस्टिन्स पुराना सावट्वेर बदलाव का विरोद सेंटिमन्त नेगेटिव नकारात्मक, रिस्क लेवल, हाई उच्छट,",hi,0,44.3
CALL-1037,call_7.mp3,hindi,"कोल सात बिसनेस लोन बिसनेस लोन प्रमोशन, समवाद डायालोग लेंठ नाउ एक्स छेंजेस, सल्स परसन कविता पास्ट कापितल ग्राहक सरबजीत व्यापारी, बाध चीत, कविता नमस्ते सर मैं फास्ट कापितल फाइनेंस से कविता बात कर रही हूँ. क्या मेरी बात सरबजीत जी से हो रही है? सरबजीत खाजी सक्ष्री अकाल, सरबजीत बोल रहा हूँ. दस सो भीभीजी, कविता सरबजीत जी, आपके विसनेस के विस्तार के लिए हमारी कमपनी बिना किसी गारन्ती के 15 लाग्तक का बिसनेस लोन दे रही है, वो भी बहुत कम भ्यास दरों पर, सरबजीत लोन की जरूरत तो है, हमें नया स्टोक मंगाना है. लेकिन आजकल फोंपर लोन देने वाली बहुत सी फ्रोड कमपनी आचट रही है. हम आप पर कैसे बहुरोसा करें? कविता आप की चिंता बिल्कुल सही है सर. हमारी कमपनी अरभी आई, अरभी आई द्वारा अप्रुवध नभी अफ्षी अई है. आप हमारी वेप साइट पर जाकर हमारा रजिस्टेशन नमवर चेख कर सकते है. हमारी नस्दी की शाख्फा आपके शहर मेही है. सरब जीत अच्छा आपके शहर वाली ब्राज कहापर है? अकर में खुड आखर मिलना चाहूतो. कविता सर हमारी ब्राज रेलवेश टेशन के पास, सबय बैंक के ठीक हुपर फिरस्ट फ्लोर पर है. आप जब चाहे आसकते है, या मैं हमारे मैंनेजर को कल आपकी डुकान पर भेज देती हूँ. सरब जीत डुकान पर भेज डो तो जीआदा अच्छा है. कल दोपहर को तीन बजे बुलालो. डाक्योमेंच क्या क्या लगेंगे, वो भी बता देना. कविता जी जरुर सर, मैं आपको वाट से पर जरुरी दस्तावेजों की लिस्ट और हमारे मैंनेजर का नाम भेज रही हूँ. बहुत-बहुत दन्यवाद. अबजेट्छन त्रस्ट कन्सरन बता सेक्यूरती सुरक्षा एवं विष्वस निता की चिन्ता. संटिमन्त पोजटेव सकारात्मक. रिस्क लेवल ख्लो खम.",hi,0,31.5
CALL-1038,call_8.mp3,hindi,"खूल-ाट् कोछिंँ इंस्टिटूट फ्रेंचाईजी, कोछिंँ इंस्टिटूट फ्रेंचाईजी. समवाद डायालोग लंठ ना एक्स चेंजज़। सेल्स परसं संदीप अचीवर्स एकट्मी ग्राहक आलोक इन्वेस्टर. बाध छीत संदीप नमस्कार सर, मैं आईएटी अचीवर्स एकट्मी से संदीप बाध कर रहा हूं. क्या मेरी बाध आलोक जी से हो रही है? आलोक नमस्कार संदीप जी, हा मैं आलोक बोल रहा हूं. यूटुग पर आपकी फ्रेंचाइजी का विध्यापन देखा था, इसलिये मैंने अंखारी की थी. संदीप जी, आलोक जी, रुची दिखाने के लिए द्श्वाद. हम आपके शहर में अपनी नई ब्राज खोलना चाहते है. इसने बहतरीं प्रोफित मारजिन है, और पुरा स्टरी मतेरिल हम देंगे. आलोक मोडल तो आपका अच्छा है, पर जो आपकी फ्रेंचाइजी फीज और सेटब कोस्ट है, वो हमारे बजजत से काफी बाहर जा रही है. हम इतना बड़ा आमाच्ट एक बार में इनवेस्ट नहींगे. संदीप सर्ब बजजत की चिन्ता मत कीजीए. हमारे पास फलेक्सिबल पैमेंट पलान्स है, जिस में आप आदी रकम अभी देकर काम शुरूकर सकते है, आजोक किस्तों की सुविदा है, तो तोरा सुचा जा सकता है. पर मुझे इसके लिए पुरा ब्रेक्वप देकना होगा, कि किस चीस के कितने पैसे लग रहे है. संदीप बिलकुल सर्ब मैं आपको एमेल और भाथ से, संदीप बिलकुल सर्ब मैं आपको एमेल और भाथ से, पर पुरा कोस्ट ब्रेक्वप और EMI का प्लान बेज देता हूँ. क्या शामको चे बजे हम इस पर डोबारा बाथ कर सकते है? आबोक शामको नहीं आप मुझे कल फों कर येगा. मैं आज राद को पुरा प्लान शानती से पडलूंगा, फिर कल बाथ करते हैं. संदीप थीक है आलोक जी, मैं कल सुबह गयारा बजे आपको कौल करूंगा. दन्यवाद अबजेट्षिन बजजेट इशु बता है इनिश्छल कोस्ट, अबजेट की समस्जा बटा उच्छ प्रारम भिख लागत. संटिमेंट नुट्रल ततस्ट बटा विचारनी है. रिस्क लेवल्ख लो, कम",hi,0,40.5
CALL-1039,call_9.mp3,hindi,"कोल नो खरपोरेट केटरिं सर्विस, करपोरेट केटरिं सर्विस. समवाद डायलोग लेंठ नो एक्ष्छेंजगजगजग. सल्स पर्सं पल्ल्वी, जाएका केटर्स, ग्राहक, मनीश, अद्मिन्हेद. बाध चीत. पल्ल्वी नमस्कार सर्वेः मैं जायका केटर्स से पल्ल्वी बाध कर रही हूँ. था मेरी बाध एद्मिन्हेद मनीश जी से हो रही है? मनीश जी, हा, मनीश बोल रहा हूँ. कहिए पल्ल्वी जी? पल्वी मनिश जी, हम कमपनियो में रोजाना लंच और इवेंश के लिए हाईजीनिक और स्वादिष्ट भोजन की सपलाए करते हैं. हमारी दरे बहुत प्रतिस पर दिए हैं. मनिश पल्वी जी, हमारा वर्तमान में एक लोकल वंडर के साथ कोंट्रक चल रहा है, जो अगले च्या महीने तक वैद है. इसलिये हम अभी नया वंडर नहीं बदल सकते. पल्वी मैं समच सकती हू सर. लेकिन कभी कभी त्याहारों या विषेश यवेंच में बैखव्वंडर की जरुरत परती है. क्या हम आपके अबके किसी चोटे यवेंट के लिए शनाख्स का ट्रायल दे सकते हैं? मनिश अभी तो अगले डो महीनो में हमारी कमपनी में कोई इवेंट नहीं है. अर हमारे पास बैकव्वंडर सकी भी लिस्त बनी हुए है. तो अभी इसकी कोई खास जरुरत नहीं दिखती. पल वी कोई बात नहीं सर. क्या मैं आपको हमारा ब्रोषर और मेनु कार्ट वाट से पर भेज दुए, अब वी बाबिष्छ कभी जरुरत पडे तो आपके पास विवरन रहे. मनीश खा आप ब्रोषर भेज दीजी ए इसी नमबर पर. जरुरत होगी तो हम खुड आप से समपर्क कर लेंगे. अभी मुझे एक मीटिंग में जाना है द्श्डन्यवाद. पलवी द्श्डन्यवाद सर आपका दिनशुभ हो. अबज्च्छन इगसिस्टिंच शर विस प्रवाइडर भता अक्तिव कोंट्राक्ट, सक्रिय अनुबंद. संटिमन्त नुट्रल तटस्त्स्त. रिस्क लेवल, मेटिम, मद्ध्यम.",hi,0,46.1
CALL-1040,call_1.mp3,hinglish,"बी तुभी साज रीटेल बिलिंग सोटवेर कोंटेक्स्ट शेल्ज रेप पिच्चिं औन इन्वेन्ट्री बिलिंग पोस सोटवेर तु अ रीटेल स्टोर औना फुट योंग खरनट्ली उज़ुज़िज़ प्च्च्छल सेल्ज रेप आमित गुट आप्टनून सर आमित बात कर रहा हु व्यापार सिंख से आपने हमारी वेप साइट पे रीटेल बिलिंग सोटवेर के डमो किलिए रेप्ट किया था प्रोस्पेक्त राजेश हा आमित मुझे याद है अग्छल बही अब एक सेल पे ही सारा इनवेंट्री मैनेच कर रहे है तोडा हेक्टिक होजाता है कुमप्लेक्स बिसनिस किलिए सेल्ज रेप आमित बिल्कुल सर सेल्ज रेप आमित सर प्राइसिंग प्रीम्म जरुर लक सकती है बटा आप फीट्झर स देख ही रिल्टाई में लोग स्टोक अलर्ट्स और अटमातिक जीस्टी फाइलिंग भी इंक्लुड़ेद है किसी और स्व्ट्ट्ट्ट्वेर में इसके लिये अख्स्टा देना पड़ता है प्रोस्ब्ट्, राजेश प्रोडक्त अच्टा लग रहा है बट बजछ इषु है सर हम लोग मकसमम फ्थीः दुच भी अग्ब स्वोट कर सकते है अपका कोट तो ट्वेंट फो थोंड़न रूपी का है सेल्स रेप आमित राजेश जी अगर मैं आपको दिरेक तो यह पलान्ग का कोंबो अफ़दून तो वो आपको आनियल पडेगा राएंट 16,500 रूपीज प्लास में आम्प्लिमेंट आप ट्रेनिग फ्री करवा दुंगा आपके स्थाफ किलिए ये बेस्ट प्राइस रहेगा प्रोस्पेक्त राजेश हम 16,500 रूपीज कुन्तिन्यृस दू साल किलिए चलो ट्रेनिग फ्री दे रहे हो तो दील फीख है पेमिंट कैसे करनी होगी सेल्ज रेप आमित परफेक्त सर मैं आप को एक सेक्योर रेज़पे लिंक बेजता हूँ वट्साप पे आप यूपीःया क्रेटिट काट से कर सकते है पेमिंट होते हाई अन बोडिंग तीम कुल करेगी प्रोस्पेक्त राजेश ठीक है लिंक बेजो में नेक्स टेन मिनिट्स में पेमिंट क्लिए कर देता हूँ ट्रेनिंग परसो से स्थाट कर वादेना",hi,0,91.0
CALL-1041,call_10.mp3,hinglish,Industrial warehouse automation equipment. Context. B2B Hardware Sales Director Pitching Automated Conware Systems to a Manufacturing Director. Sales Rep. Abhishek Good afternoon sir. Abhishek this side from Logitech Robotics. Mechanical Blueprint Layouts Pipeline Check Process Clear Execution Sheet Analyze Ki Aap Ne? Prospect. Vikramaditya Abhishek Specifications To Structured Level Standard High Range Execution Framework Display Kar Rahi Hai. Robust Layout Alignment Configuration Model Perfect Hai. Sales Rep. Abhishek Great to Hear That Sir. We standard integration processing engineering modules completely local assembly validation checks run karke Optimization Assurance Profiles Set Kar Te Hai. Prospect. Vikramaditya Problem Engineering Check Matrix Pei Nahi Hai Abhishek. Direct Financial Constraints Structural Model Issue Parameters Display Kar Rahi Hai. Standard Local Supplier Parameters Hume Customized Baseline Pricing Set Up Round 35% Less Cost Dynamic Parameters Pei Execute Karke De Rahi Hai. Sales Rep. Abhishek Sir. Tier 3 Raw Components Low Cost Production Operations Standard Long Term Degredation Risk Load Balance Framework Collapse Trends Showcase Karin Ge Maintenance Windows Parameters Check Sequence Pei. Prospect. Vikramaditya Hamare Core Structural Engineering Audits Unka Load Test Review Paas Kar Chuke Hai. And they are providing active configuration on-site engineer free for first 18 months phase standard line implementation operations. Sales Rep. Abhishek Hume Standard System Reliability Guarantees Long Term Operational Costs Minimize Pipeline Matrix Layout Execute Kar Paingay Dynamic Adjustments Configuration Level Targets Profile Settings. Prospect. Vikramaditya Mujhe Optimization Profiles Parameters Dynamic Comparison Range Evaluate Karke Saving Components Clear Margin Profile Dynamic Metrics Immediate Immediate Direct Margins Visible Hai. Continuous Maintenance Risk Allocation Tracking Structural Components Check Standard Verification Models Complete Framework Analysis Set Up Final Review Reject Range Display High Scale Operations. Decision Signed with Regional Components Supplier Panel. Thank you for Pitch Response Profile.,en,0,11.3
CALL-1042,call_11.mp3,hinglish,"जिम फितनेस संटर करपरेट मेंबशिप कन्तेक्स्ट, सेल्ज रेप्रज्ट पिच्चिंग आन्योल करपरेट येलनिस पकच्चिज़ से अग्पनीज एचा लीद सेल्ज रेप राहुल गुट आप्तनुन माम, राहुल बात कर रहा हु गोल्स फित नेट्वोग से आपकी कमपनी के आमप्डोयस किलिए जो करपरेट वेलनिस पकच्च दिसकस होना था, उसी के रेगाडिंग कुल किया है प्रोस्पेक्त, क्रितिहा राहुल मुझे याद है मैंने आपका पोट्फोलियो और लोकेशिन लिस्त देखी सेट अप तो अच्छा है, पर आपकी प्राइसिंग बोहुत प्रीम्यम है, स्टन्ट खोरपरेट रेट्ख के हिसाप से सेल्ज लेप राहुल माम, हम पनिन्टिया आखसिस देगे है, सिंगल पास पेई आपके रमोट आपकी ब्राइस भी अपने निरस्ट ब्राइन्च में जा सकते है, बाकी जिम सर्फ सिंगल लोकेशिन का अखसिस देखे है, प्रोस्पेट, क्रिती वाउ टीक है, पर हमारा वेलनिस बज़ेट प्टिक्स्ट है, पर आपकी जिम्स च्फ च्फ च्फ च्फ ल आप आप मिनेम्म फिटी आम्प्रोयेस का साईनाप एक साथ कमिट करेए, तो में मैंईज्मिन से सपेष्यल अप्रुवल लेकर इस को नाएंभाउच्एन रूपीज थक ला ऽक्ता हूँ, प्रा उन्ठिट्शिन काूंस्लिन्ग फ्री रहेगी, प्रोस्पेट, क्रिती ना certainly مرجment proposal P provide how he lo",hi,0,63.6
CALL-1043,call_12.mp3,hinglish,"एक खॉर्माज लोगिस्टिक्स दिलिव्री पातना कोन्तेक्स्ट, शेल्स मनेजर अट खॉर्या अग्रिगेटा कम्पनी ट्राएं तु अनबोड अग्रोगिग दी तु सी फाश्ट्ट्ब्रन अवना सेल्स रेप विक्रम हलो कारन जी विक्रम दिस साइट फ्रम शिप्स्विफ्ट मैं देख रहा था आप की वेप साइट पे चेकाूट के वाट शिप्पिंट चाजस काफी हाई दिखा रहा है विक्रम अब ही लोकल वेंडर्स यूज कर रहे हो प्रोस्पेक्त कारन हा विक्रम हम अभी एक लोकल कोर्यर सर्विस के साथ ही काम कर रहे है स्थान्टरेट स्थीक देरहे है वो हीुम सेल्स रेप विक्रम सर लोकल वेंडर्स के साथ कोड केश अन डिलिट्री का रिमेटन्स आने में 10-12 दिन लाग जाते है शिप्स्विफ्ट के साथ आप को वीक्ली पेयाउट मिलेगा जिसे आप का काश फलो समुड रहेगा प्रोस्पेक्त कारन रिमेटन्स का इशु तो है उनके साथ बर यार आपकी कमरशल शीप में वेट दिसक्री पांसी चाजँस बोहुत खम्पिकेटिट लाग रहे है मुझे लकता है हिटन चाजँस जादा है आपके सेल्ज लेप विक्रम नहीं सर बिलकोल ट्रन्सपेरन्ट है हम अटोमेट़ वेट मेशमेंट मशींज यूस करते है तो एरा का कोई चान्स ही नहीं है लास हम आपको अटोमेट़ वाट्साप अबडेट्स भी देंगे कुस्तमर को प्रोस्पेक्त कारन देखने में तो सिस्तम सही लग रहा है बर अभी फेस्टिप सीसन शेल्स आने वाली है हम अस ताईम शिप्पिंट पाटनर चेंज करके कोई रिस्क नहीं लेना चाहते देमो देखने के बाद फाँईनल डिसिशन लेंगे पर थोडे ताईम भाद सेल्स रेप कारन सर फेस्टिप सीसन के लिये ही तो अटमातिक राउड अप्तिमाइशेशन जरूर चाहीए ताकी आर्टिो रेटान तो औरिजिन कम हो मैं आपका एक एक फ्री टेस्ट अकाण्ड अक्तिवेट कर देता हूँ बिना किसी अद्वान्स पेमिन्ट के प्रोस्पेक्त कारन नहीं विक्रम अभी बुरा फसाहू इन्वेंट्री के चक्कर में ये सब सेटटब करने का अभी ताई मैं है आप मुझे अक्तोबा के बाद काल करना तब देकते है",hi,0,47.5
CALL-1044,call_13.mp3,hinglish,"क्लाउट्तेलिएद्टबो वर्ष्वल नुम्बा सिलूशन्द कन्ट्ट्स्ट, अग्ट्टिट्टब स्लिएँ अट्ट्टबाउग्ट अईव्या ख्लाउट्ट इल्प्ट्टेलिएप्ट्टिख्टी अना अपकी माकितिंग कमपेंस की लीज मिसना हो, उसके लिए वर्च्छोल नमबर और अईविर सेटब के रिगाडिंग बात करनी थी. प्रोस्पेक्त, संजीव ही पुजा. अम लोग अक्छुली मायोप्रेटर का सिस्टम यूस कर रहे है, पिछले एक साल से, तो नया सिस्टम तो अभी नहीं चाहिए. सेल्ज्रेप, पुजा जी संजीव जी, मायोप्रेटर भी अच्छा प्लाट्फोम है. पर क्या आपको उस में लाइप कोल, ट्रकिंग और अंटिग्रेटर वट्साप C-R-M प्लाट्फोम मिल रहा है, एक है डश्बोड में? प्रोस्पेक्त, संजीव नहीं, वट्साप के लिए तो हम अलक से सुफ्ट्वेर यूज करते है. तो डोनो अलगलक चलते है. सेल्ज्रेप, पुजा वही तो सर. अगर आप हमारे प्लाट्फोम पे आते है, तो आपका कोल डिसकनेक्त होते है, अपका रव प्रोस्पेक्त, संजीव फीच्टर ववाएज तो ये काफी यूजफुल लग रहा है, कुई कि तो अलग वेंडर्स को पेख करना परता है, अभी. पर आपके सिस्टम में ट्रान्सफर करने में हमारा पुराना डेटा लुस तो नहीं होगा. सेल्स रेप पुजा बिलक्ल नहीं सर, हमारी टेकनिकल तीम आपका सारा डेटा और एकसिस्टिं नमबर सीमलस्ली माइग्रेशिन करवा देगी बिना किसी डाएंटाईम के. प्रोस्पेक्त, संजीव फीच्टीख है, कल दोपहर को एक विटियो कोल सेटटप कर लो, देमो देखने के बाद फाँनल डिषिष्टिन लेंगे.",hi,0,45.9
CALL-1045,call_14.mp3,hinglish,"कमर्षल रो वार्टे प्योरिफाया प्राण्ट कोन्त्र्क्स्त, फिल्ट सेल्ँफिसर पिच्च्टिं फैभी नुटी वोर्टे फिल्ट्रेशन प्लाअच तो वानंट वाद्प्योना सेल्श्रेप अरजून नमसथे वर्मागी अर्जून बात कर रहा हु अग आद्रोप्योर सिस्टम से अपके फाक्त्री प्रेमिसिस किलिए जो पाथ सो लप्यट्छ रो प्लांट का कोतेशन दिया था उस पर कुछ बात आगे बड़ी प्रोस्पेक्त वर्मा जी हा अर्जून, कोतेशन तो देखा मैने पर यार 2.5 लाक रुपीस का एक्सपेंस अभी हम अप्वोड नहीं कर सकते है बजगत ठोडा टाएट चल रहा है प्ट्री का सेल्ट्ब् अर्जून सर आब के याब ही देली तुट्टी तुट्टी फाँटर कामपर्स आते है बाहर से उसका मुन्तली भिल हाई 15,000 रुपी से उपर बन जाता है अगर आप अपना प्लांट लगाओगे तो ये एक्सपेंस 0 होजाएगा प्रोस्पेक्त वर्माजी बात तो तुमहारी सही है लोंग तरम में बचत है पर एक सात इतना बडा कैश अट्फ्लो करना अभी ख्वाटरली फिनाच्यल प्लानिंग के हिसाप से पोस्बल नहीं है सेल्ज रेप अरजुन सर इस में हम आपको 0 डाउन पेमिन्ट ख्रब्रेट एमाए अप्षन दे सकते है अपको महीने का सर्फ 12,000 रुपी देना होगा जो आपके करन्ट वाटर बिल से भी कम है प्रोस्पेक्त वर्माजी अच्छा मंतली EMI का अवट्षन है पर उस में अप्षन देखा कितना लगेगा सेल्स रेप अर्जून सर्ब अगर आब 12 मन्स का प्लान लेते है तो हम कमप्लित्ली नोख़ाश्ट EMI वेवाव करवा देंगे कोई एक्स्ट्रा अप्षन नहीं लगेगा प्रोस्पेक्त वर्माजी चलो अगर अप्षन नहीं लगेगा और मन्टली मैनज हो सकता है तो फिर सोट सकते हैं तुम कल आउ सारे बाव्ग डोक्यमेंस लेकर बेट्ट के फाइनलाइस करते हैं",hi,0,54.5
CALL-1046,call_15.mp3,hinglish,"बिलिंग इन्वेंट्री मोबाल आप फ़ दिस्ट्रबुटर्स कन्तेक्स्ट, सेल्ज्जिन्ट पिच्चिंग न मोबाल फ़स्ट एर्पी बिलिंग आप तो फोल सेल अप्म्सीजी दिस्ट्रबुटर सेल्ज्ज्ड्रेप दीपक रमाकान्द जी दीपक बात कर रहा हु व्यापार बुक आप से आप ने प्लेट्स्टोर से हमारी आप डाईट्डूड की ती उसे करके देखा आपने प्रोस्पेक्ट रमाकान ता थोडा चलाया था आप तो सम्पल है, पर मुझे एक बोगत बडा इशू दिखा इस में सेल्ज्ड्रेप दीपक जी बताये सर क्या प्रोब्लम आई आपको प्रोस्पेक्ट रमाकान्द हमारे पास होल सेल में बोगत सारे ब्रान्द्ज है ताता एचुल आईटीसी मुझे हर प्रोड़क्ट पे बाच नमबा और एकस्पारी डेट का फिल्टर चाहीए होता है बिलिंके ताएम पर आपके आप में एकस्पारी ट्राकिंग का मोड्विल ही नहीं दिखा सेल्ज रेप दीपक सर श्टान्ध वर्जन में बेसिक इनवेंट्री है एकस्पारी और बाच ट्राकिंग हमारे प्रीम्युम गोल्ट प्लान में आती है तो कुस्टम डेट्ट्टोब बाखिन से कनेक्ट होता है प्रोस्पेक्ट रमाकान्त यार मुझे डेट्टोब पे नहीं मोभाल आप पर ही चाहिये फिल्ट पर जब लडके अडर लेने जाते है ये मिसिंग फीच्टर हमारे लिए दील ब्रेका है, इसके बिना काम नहीं चलेगा सेल्ज रेप दीपक अई अंडर्श्टान्सर अप प्म्सीजी में एकस्पारी बोहुड जरूरी है हमारे नेक्स्ट मुझद के मोभाल अबदेट में ये फीच्टर पाइप्लाईन में है प्रोस्पेक्ट रमाकान्त देखो भाई, जब तक आप में लाइव एकस्पारी अलर्ट का फीच्टर नहीं आता, तब तक मैं पैसे नहीं दुंगा जब आजाए तब बताना, तभी सोचा जाएगा",hi,0,33.3
CALL-1047,call_16.mp3,hinglish,"6. офstad safety biometric attendance system rallies 7. b2b sales rep calling & admin manager to upgrade their old punch card system to facial recognition 6. sales rep. AMIT 120 8. prospect 9. sue's hello amit प्रोपोख दो टीक है, पर हमारे करन्त मैंज्में सिस्तम में अभी शिस्त्स बोहुत रूटेशनल है. आपका सोफ्ट्ट्ट्टवाय रमारे पेरोल सिस्तम के साथ टिट देंगरेट होगा. सेल्ज्रेप अमिद बलकुल सर, हमारा सोट्वाय काफी फलेक्स़िबल है. ये आपके किसी भी एकसिस्टिंग अकाूंटिंग या पैरोल सोट्वाय के साथ अप्याय के तुझ सीमलस्ली लिंक होजाता है. प्रोस्पेक्त शुरेष फीख है, पर हम लोग अभी अभी अटोमेटिट सिस्टिम पे इतना जल्दी शिझ्ट नहीं होना चाते. हमारा पुराना काधपंचिंग सिस्टिम कहराब नहीं हुआ है, चल रहा है अभी. सेल्ज रेप आमिट सर कारट पंचिंग में बडीपंचिंग का फ्रोट काफी होता है, एक आमप्लोई दूस्रे का काध पंच कर देता है. फेश्यो रेकगनेशन से आप आप का प्रोक्सी लगना बिलकुल बंद होजाएगा. प्रोस्पेक्त शुरेश बाख तो सही है, पर मैं अकेले डिसिशन नहीं लेई सकता इस पर. हमारी मैनच्मिन्ट कमिटी से दिसकस करना पहले उनका अप्रुवल जरूरी है. सेल्ज रेप आमिट आई अंटिस्टान सर. अगर आप खही, तो मैं एक फाइव मिनुट का प्रोडक्त अडियोविष्वल देमो बेज्दुन, जो आप उने अन्टरनल मीटिख में दिखा सके. प्रोस्पेक्त शुरेश हा विटियो बेज्दु वध्साप पा. अगर मनज्च्मिन को लकता है कि इसे सच में लीकेज रुकेंगी, तो मैं खुद आप को कोल बाख करूंगा.",hi,0,67.1
CALL-1048,call_17.mp3,hinglish,"<|hi|><|ru|>营- SEO content marketing packages Context- Sales Rep- Presentative Pitching Organic Search Ranking Services to an Educational Institute Director Sales Rep- Neha Hello Sir- Neha This Side from growth Digital मैं आपके Institute की website check कर लही फी, organic keywords पा Ranking कागी drop हो रही है आपापकी Prospect- Director Haneha Hioong Patah Hai अखछट बद्या आज़ पर ही रख रहे है, वहाँ से इम्मेट्यत लीज्ज मिलती है. सेल्ज रप, निहा सर, पेट आज़ सो तब तक चलेंगे जब तक आब बजट डोज. सेल्ज रब रब बजट डोज, अज़ पर पर पर पर्खलिक ख़ाँ साथी लीज्ज लिज्ज आती रहेंगी. प्रोस्पेक्त, दिरेक्टर कुन्षेप तो सही है, पर तुम्हारा एस्यो प्लान मिनमम सिक्स महीने का लोकिन माग रहा है, और रिज्जल्ट की कोई गार्विन्टी नहीं होती. मुझे इतना पैसा ब्लोक नहीं करना, जिस में अप अप रिट्ट ना दिखे. सेल्ज्रेप, नहा सर, एस्यो थोडा ताईम लेटा है, बटिसका अरोःाई पेड आज से तींगुना जाडा होता है. हम पहले त्री महीने के लिए कोई लोंग्टर्म कुन्ष्ट्रक्त नहीं साईन करवाएंगे. अप मंतली बेसिस पेर रिजाल चेक कीजीए. प्रोस्पेक्त दर्ट्ट नहीं नहा अभी अदमिशन सीजन चल रहा है. हमारा सारा कछ फ्लोस पेड लेट जेनरेशन में जाडा है. अज़्ी अग्टर बजट नहीं है. वी विल पास फर नाउ. सेल्ज रेप नहा अभी रहा है सार नहीं नहीं प्रोबलिम. मैं एक फ्री कीवर्ट गआप अनलिसस रपोट बेज देती हूँ. आपके रविउ किलिए फुचर में काम आएगी. प्रोस्पेक्त दर्ट्ट फीख है. रपोट बेज दू. फ्रेंक्कु।",hi,0,48.9
CALL-1049,call_18.mp3,hinglish,"करपरेत करपरेत गिफ्ट बोक्सिस फ़दिवाली कोंटेक्स्ट, सेल्ज लीट कोडनेटर पिछिंग प्रीम्म कस्तमाइस्ट करपरेत गिफ्ट हम्पर्स तु अ मुल्तिनाशनल कम्पनी ज्पर्च्टिस हैद सेल्ज लीट अंजली गुड आप्टनुन स्थ कपूर अंजली रहार फ्रो मेलगेंश गिफ्स हमारे प्री लाईच दिवाली करपरेत हमपर्स का कातलोग डिलिवर हुएद आप्को प्रुस्प्ट निस्ट कपूर ये संजली कातलोग मिला मुझे ख्रीटिट पाकेटिझें है आपकी व्रीट व्रीट स्विट से थोडा हदकर है सेल्ज लेप अंजली एकसाक्टली सर इस में कुस्टम ब्रान्टिंके साथ टेग गाजट्ट्स और एकोफ्रिंटली प्रोडाक्ट्स का मिख्स है आपका रेक्वायमेंट आरावन त्रीहान्ट बोक्सिस का था रहेंट प्रोस्पेक्ट विस्टर कपूरहा रेक्वायमेंट तो है बट अंजली, हम लोग पिछले त्री साल से एक फिक्स लोकल वंड़ से ही भिक्स ब AUDIO POWEL आबके बटा औरीवन ब्रान वारान्टी देगे है है है न्सडonos ।<|hi|> includ। क� amazingly astrology ।ो अ globarak . मुताबिक हम बिना दूटीन वेंडर्स के दानामिक कोछ स्कमपैर कि ये अडर नहीं पलेस कर सकतें. सेल्ज रेप, अंजली बिल्कुल सर, मैं आप को हमारी प्राइसिंका एक खमपरेटिव असेस्मिंक लेयाउट बेज देती हूँ, अपकी खुम्प्राइसिंक लिए खुस्टिफिकेशन बान जाएगा की हमारी खॉल्लिती वोसिस प्राइस बेस्ट है. प्रोस्पेक्त निस्ट कपूर सही है, तुम फोमल कोछ भेज दूटी कुस्टमाइस्ट प्राइसिंके साथ. अगर वोसिए ब्रेख डाएगा लगा, तो हम इस बार आपको चान्स दे सकते है.",hi,0,61.2
CALL-1050,call_19.mp3,hinglish,"Financial The Builders अपकी ट्रुक्स के दीजल इक्ष्पेंस पा फ्रीपसें दीरेक्ट केश्बाक और इक्ष्पेंस ट्रक्टिंट सिस्टम के लिए क्या था. प्रोस्पेक्त शिंग साहिब भाई रोहन, हमारी गड्या प्यो अग्डिया में चलती है अलगलग हाईवेश पे. एक जगा तुम्हारा काईड चलेगा भी आ नहीं क्या गरन्टी है? सेल्ज्रेप रोहन सर हमारा टायव टीरेक्ट इंटिन्ट अई एज्पी और भी पी सील के साथ है. 95% हाईवेब पाम्स्पाये काईड इक्षेप्ट होता है, और द्रीवर को काछ रहने की ज़ुरत नहीं परती. प्रोस्पेट शिंग साहिब वो तो टीख है, पर मेरे कुछ द्रीवर स पुराने है, उनको काछ वाड चलना नहीं आता. वो पेट्रोल पाम्ट वालो के साथ हमेशा काछ मेही च्छन करते है. सेल्ज रेप, रोहन सर, काछ चलना बोहुत सिम्पल है, रेगिलर एटीम जैसा है. और इसे आपका फाइडा ये होगा की द्रीवर दीखल के बिल में फ्रोड नहीं कर रहेगा, अप आपका बाँ बाँ पाम्ट वेशे जाएगा कितने लीटर तेल डाला. प्रोस्पेट, सिंग साहिब बात तो तुमारी पाते की है, पर यार मुझे थोडा और ताएम चाहीए सोचना के लिए. अभी ट्रॉक्स के फितनेस सर्टिट्ट अर परमिट्स रीनू हो रहे है, दिमाग वहां भिजी है. सेल्ज रेप रोहन सर, सर्फ पाज मिन्ट लगेंगे औनलाएं के वाएसी में. अगर आप आप आप ही शुरू करते है, तो इसी महीने से आप का फिव्टीं खाँजन रूपीस तक का फिल ठाएम बाख सकता है. प्रोस्पेक्त, सिंज साहिब नहीं भाई, जल्द भाजी मत करो. अगले महीने आना, तब आराम से बेट कर पुरा फ्लीट रजिस्टा करवा दूंगा अगर दिमाग खाली रहातो.",hi,0,57.2
CALL-1051,call_2.mp3,hinglish,"दिजितल माकितिंग एज्ँन्सी सर्विस्स्सुज कंटेक्स्त पिच्चिंट फेश्बूक अन्स्टाग्राम अद मनज्मिन तु लोकल दी तु सी क्लोडिंग ब्रान अना सेल्स रेप नेहा हलो रोहन जी, नेहा फ्रुम ख्लिक बूस्ट मीट्या मैं आपके ख्लोडिंग ब्रान वस्ट्र के रेगाडिंग बाट कर रही थी आपका अप्का अप्सट्राग्राम कलेक्षिन काफी सही है प्रोस्पेक्त रोहन त्फ्यो नेहा हा, हम लोग रेगिलर अब्टेट्स डालते है वहा बहीए, क्या सरविस अफ़ करते है आप? सेल्स रेप, नहा सर, हम लोग दी तुसी ब्रान्द के लिए परफारमेंस माकितिंग मैनेच करते है, फेस्बुक, इनस्टाग्रम और गुगल आज्ट्स के तुर रोवाज बड़ाने में प्रोस्पेक्त, रोवन देखो नहा, हम लोग अल्रटी डेली की एक एज्झेंसी के साथ काम कर रहे है, पिछले सिक्स महीने से. सो अभी विज्विम चेंज करने का कोई प्लैन नहीं है. सेल्स रेप, नहा दाट्स गरेट रोवन जी. खृषी हुई जानकर की आप आप अल्रेटी देजिटल माकेटिंग यूज कर रहे है. में आए आसक की आप का करन्ट रोवास कितना चल रहा है आवरेज. प्रोस्पेक्त, रोवन वही कुछ 2.5x to 3x के बीच रहता है. उनका रेगुलर रस्पाँन्स भी श्टन्टर्ट है, तो दसाटिस्टटिस्टटशिक्षिन जैसा कुछ नहीं है. सेल्स रेप, नहा सर, श्टन्टर्ट अपारल ब्रान्ट्स के लिए मिनिमम फोएक्स टागेट होना चाहिये. हमारी टीम आपके एक्सिस्टिंटिंग अकाँण्ट का एक फ्री आद अडित कर सकती है, बिना आपके पासवर लिए. आपको बस्क्रीन शोट शेर करने हूंगे. प्रोस्पेक्त रोहन फ्री अडित, उसमें क्या पता चलेगा? सेल्स डब नहां हम आपको बताएंगे काहा बजट वेस्ट हो रहा है, और कुन्सा क्रियेटिव बेटर प्रोफ्रम कर सकता है. आगर अगर अगर अपन्ट पसंद आईए तो आगे बाट करेंगे, नहीं तो नो अब्लिगेश्यन्स. प्रोस्पेक्त रोहन चलो, फ्री है तो कोई नुख्सान नहीं है. मुझे मंदे को ड़ोब करो मेसज, में लाप्टोप से सक््रींषोट निकल के शेर कर दूगगा. उसके बाद फाइनल डिसिशन लेंगे. सेल्स डब नहां शुर रोहन जी. में मंदे सुबा 11 बजे आपको तच्बेस करूंगी. हाँव गरेट वीकेंद.",hi,0,62.4
CALL-1052,call_20.mp3,hinglish,"7<|hi|> serial Kds Contextlang withrents Sales Rep Survival How is your new outlet running Processing is working fine पार अडर पन्च करने में स्विगी और जोमेटो के भीच काफी कन्फुजन हो जाता है राशाज में. सेल्ज रेप, सिद्धार्त वही सुल्ट करने किलिए, हमारा किच्चन दिस्पले सिस्टम है. सारे अडर्स एक हाई स्क्रीन पार अटो अख्छट होकर लाईनाप होगाते है, बिना किसी मैनुल अंट्री के. प्रोस्प्ट, अनन्या सिस्टम तो बहुत एफिष्ट लग रहा है, पर सिद्धार्त इस में अटोमेटेड इन्वेंट्री डड़ाक्षन का फीच्चट है. जैसे ही एक बागर बाएक, उतने बन्स अटोमातिक स्टोक से कम होगाई. सेल्ज लेप, सिद्धार्त माम, रेसिपी मैनज्मिन्त का फीच्ट हमारे अट्वान्स इन्वेंट्री अंट्रीज मोड्ड्यूल में है, पर अभी लाईप अटोमातिक डड़ाक्षन तेस्टिंग फेज में है. प्रोस्पिक्त अनन्या यार बिना अटोमातिक डड़ाक्षन के मुझे मैनूल स्टोक अडिट देली करना पडीगा. ये मिसिंग फीच्ट्ट्ट्ट्ट्ट्ट्ट्टिट मियर लिये काफी बडा ध्रोबाख है, वेछतेज त्राकिंग ही सबसे बडा टास्क है. सेल्ज ब्रेप चिद्द्दार्ध अई अंट्टिस्ट्टान. हम आप़को प्रडाक्ष्ट्ट्ट्ट्ट्ट्ट्ट्ट्ट्टे देः सकते हैं. जहां आप अप देः पार सिंगल क्लिक अप्लोट से इन्वेंट्री माच हो जाएगी. अदिया क्या लिए लिए लिए लिए लिए लिए लिए वेंट्री माच होँजाएगी प्रोस्पेक्त अनन्या नहीं, मुझे कमप्लित्ली रिल ताम अट्वेटिड अंटिग्रेश्ट चाहीए डश्बोर्ट पार अगर ये फीच्छा अभी रडी नहीं है, तो मजा नहीं आएगा मैं अभी प्रोस्पार रखुँगी डील",hi,0,90.7
CALL-1053,call_3.mp3,hinglish,"कर�poorate health insurances Reedhु Riitha Oy Keye Mere Baat Sneha Ji Se Hurra pregnancy democr tr elections bool te rahee Me Thoda shot Au incredibly Nooo So Poore state the Pure piece स ähnlich کا स्वाडिय आउट़्र, सैमक sima khayun izh Lightning ka Nahal isMüzik कोई पल regulatory आउटर, सिक सारत करटन, � Disc Buns, मैगین काने सारच़ा कर भी होघटीा कोई अत los salarhe saarshah k mannerera ka आँ मैरा यो गया heo kar bhi missed water contest कोई अत śmत आँचlicher, � freed Rash惁 सारintérieur हास Yokas n 110 बमेप français यो में सपन्य Riot Riot Joy choir mieuxपहिrikktur, अप तो विक्रम माम कुस्तम पूलसी में हम अप तो फुफती थाँझन रुपी माटरनेटी कवरच फ्रम दे वान अंक्लूट कर सकते हैं, बिना किसी वेटिंग पीरिडके. प्रोस्पेक्त नेहा फीट्चर वाएज लिस्ट परफेक्त है विक्रम. प्रोपोजल अचा है, बत मुझे मैंज्मिन से दिसकास करना पडेगा पहले. दिरेक्तर लेविल अप्रुवल के बिना हम स्थन्टर्ट पूलसी पूडचिस नहीं कर सकते. सेल्ट्ट रिप विक्रम बिलकुल वालेड पुझन्ट है माम. विक्रम डन माम अप प्रोष्पेक्त नहीं अप्रुवल के लिए बहुत नहीं अबही. मैं पहले नहीं ड़ेख दिखा दूंगी उनको. प्रोष्पेक्त नहीं उसकी जरुरत नहीं बहुत नहीं अबही. मैं पहले नहीं ड़ेख दिखा दूंगी उनको. आगर पोजटिव रिस्पाच्ट रहा तो नेक्स प्राइसिंग राउन के कोल में आपको लूप पिन कर लूँनगी. सेल्ज़््रेप विक्रम ग्रेट एमेल सेंट माम लूकिं फ़ोवर तो यो अबडेट औन फ्राइडेए.",hi,0,73.5
CALL-1054,call_4.mp3,hinglish,कमरशल सोलर पनल अईजाएशन कोंटेक्स्ट फील सेल्टन सुलर सेलिंग स्टाप्स कर्श्टरी फ्लो वो नाजर सेल्च रेप राहुल राहम सिंजी राहम राहम राहुल बोल रहा हु सन्पावा एन फ्रासे आपके फाक्ट्ट्री साइट का जो सरवे किया ता हमारी तीमने उसकी कालकौलेषन शीट रेडी है प्रोस्पेक्त राहम सिंजा राहुल रेपोट तो मिली मुझे ववध्साप पे पर यार तुमहरा एनवेस्मेंट कोस्ट बोहुत जाडा है 15 लाक्रुपे दिरेक्ट ब्लोक हो जाएंगे सोलर लगाने में सेल्ज रेप राहुल सर ब्रेकिवन देखे ना सर्फ त्री साल में आपका एनवेस्में जीरो हो जाएगा और उसके बाद अगले 22 साल तक एल्ट्रिसिती बिलकुल माफ्ट मिलेगी आपको प्रोस्पेक्ट राम सिंग बाथ सही है तुमहारी पा बिसनिस अभी तोडा स्लोचल रहा है अटो सेक्टर में विश्विं थोडा और ताएम चाही एं सोचना किलिए इतना बड़ा कापितल ठापिन्स अभी अनिशेट नहीं कर सकते सेल्ज रेप राहुल सर अभी सबसिटी बड़ गय है स्टेट गबमेंट की तरफ से अगर आप अब अगले महीने तक डिले करोगे तो हो सकता है सबसिटाएस डेट चेंज होजाए प्रोस्पेक्ट राम सिंग नहीं राहुल सबसिटी का नुकसान ठीक है पाल लिक्विटिटी प्रारोडिटी है अभी हम अभी दील नहीं कर पाएंगे कम से कम सिकस महीने बाद आना सेल्ज रेप राहुल सर हम इस में EMI अप्षिन भी देश सकते है अप प्रोस्पेक्ट राम सिंग अभी बाग्ड लोन और EMI का जंजट नहीं चाहीए बालन्स शीट पे देट नहीं दिखाना है तुम प्ली सिकस महीने बाद हाई कोल करना तब टक मैटर ख्लोज रखो सेल्ज रेप राहुल ठीक है राम सिंग जी जब आप कनफर्म करे तो बताएगा हाँ वे गड़ डेए,hi,0,37.9
CALL-1055,call_5.mp3,hinglish,"CRM Software Sales Context, a tele sales executive trying to sell a CRM system to a real estate brokerage company head Sales rep Karan hi Varun ji Karan baat kar rahaan ho lead track CRM se Kaisa hai aap? Prospect, Varun mein badhya karan, aap baatao Merah product demo chal raha tha aap ke engineer ke saath kal System ka user interface kaafi clean laga mujhe Sales rep Karan thank you sir Hamara target hi hai ki agents bina kisi technical training ke pipeline manage kar sakhe So dashboard finalize samjhe Prospect, Varun baaki sabto badhya hai Lekin kal pucha tha maine Aap ke system mein dashboard se direct click to chat automated WhatsApp sequence nahi ja raha bina api purchase kye Sales rep Karan sir Natively WhatsApp API triggers dynamic hote hai Uske liye official meta business integration lakta hai Wo ham third party plugin se integrate kar dete hai seamlessly Prospect, Varun yaar baaki players market mein directly built in dera hai Dashboard ke andar without any setup fee Agar Hume har feature ke liye external setup chahiye to mere team ka daily workload badega Ye missing feature hamare liye deal breaker hosakta hai Sales rep Karan sir I completely understand your point Hamara beta version update aane wala hai product ka next month jisme directly integrated WhatsApp interface pre-built hoga Prospect, Varun to jab wo feature live hojai Tabhi mujhe live demo dikhana on accounts pe Agar tab tak kaam smoothly chal raha hoga tabhi decision leenge Sales rep Karan understood sir Main directly hamare product head se baat karke aapka system beta testing panel mein add karwa deta hoon thoda jaldi Chaleega Prospect, Varun haa Test instance access de do Agar feature stable laga to ham multi user plan immediately subscribe kar leenge",hi,0,9.9
CALL-1056,call_6.mp3,hinglish,"प्रीम्यम् खुवर्किं अफिस्पेस कुन्टेक्स्ट, खुव्योन्टी मनजर कुलिग अटेक्फर्म् फाँडर जागे ते प्लिजग तो विसेटिड दे खुप्ट्टीं अफिस्पेस. सेल्स रेप पुजा हलो अंकिट जी पुजा फ्रम् हाइव सेक्ट्ट को वुर्किं आप आपने तुस्टे को हमारा सेक्टर श्क्टीटू वाला सेंटर विसिट किया ता सेक्ट्ट खैसी लगी आपको प्रोस्पेक्ट अंकिट पुजा सेस का लेयाुट तो काफी तोपनोच है लोकेशिन्स और दिनामिक वाईब भी अच्छी है बट प्राएस पुझन थोडा जाडा हैवी लग रहा है हूं सेल्स रेप पुजा अंकिट जी हम करपरेट ग्रेट अंटिनेट कुसके आकदावोच चुब nephew अमने, की मेंसान पिस एकतेटने अंकिटाः कुसके अंकिट बद तुः्जा जिECT reject अगर पाथ सो रुपे हैं, दिखरन्स बोगत बड़ा है, 20 सीट्स किलिए, सेल्ज रेप, पूजा सर, उनके लोकेशन पा दबल पाकिंग मनज्मिन्त नहीं है, और हेवी पावर कच्का इशूरेहा है, हमारे यहां कमप्लीत बाकओप एर्कंडिश्निंग, अंकित अमनेन्ती वाई स्थान्टर्ट फाँई है, बत मेर अक्वाँटिंग मनज्गर्स भेस बजट क्रोस नहीं देंगे, नहीं आप आप आप पाथ सो रुपे दिरेक्ट बजट पूष है, सेल्स रेप पूजा अगर में दिरेक्ट परसीट प्राइसिंग रडियूस ना भी करून, तो क्या मैं आपको फ्री डड़िकेट लोकर स्टोरिज अर प्यो टीम किलिए, अनकित ख़्ट ख़्ट रुम क्रेटित सेल्स थी बलन्द शोड़ गर देंगे, क्युकी ख़्ट मेंट से फ्री वहारी ख्चाए अपनीवाशा नहीं, लोकर सेल्स बहुट लिए ग़ागे, अनकित ख़्ट ख़्ट रुम क्रेटित से दिरेक्ट बलन्द शोट गर देंगे, क्युकी ख़्ट मेंट से भी अपनीवाशा नहीं लोकर से लोकर से लोगर लेगा, सेल्स लेप पुजा एकसाक्तली सर बिसनिस पस्पक्तिव से कोस्ट एक्ष्ट फोट जाएगी, तो में फ्रीनाल कास्टम प्रोपोसल भेजु जिस में फ्री कमपोनिन्ज ठीट प्रष्टली मेंशिन्द हो, प्रोस्ट्ट, अंकित पर्फेक्त, कस्टम मेल डाफ्ट करके भेजु, आगर दीटेल्स प्रोपा माच होगए, तो मनदे को हम अद्वान्स टोकन मनी प्रोस्ट कर देंगे,",hi,0,87.4
CALL-1057,call_7.mp3,hinglish,"secale2 finance context salesperson pitching to an interstate logistics company partner sales rep your long route logistics capital its the , versus MAC PC driving tracking prospect सुक्देव भाई जीप्प्ये स्ट्रकर तो हमने पहले भी लगवाये ते एक कमपनी से तरी महीने बाद आदे चलने बन्द होगे, कस्टमा केर को कोल करो तो कोई सुन्ता नहीं सब भेकार सिस्तम है. सेल्स रेप, सुनील आपका अपका एकस्टीरियन्स वालेड है सुक्देव जी, माक्कित में सस्ते लोग कोलिती चाएनीज धाईगे भोछोत है. हमारे सारे प्रडाक्स इनहाँस मनुफाक्च्ट्ट्ट्ट्ट्ट्टे है, सुक्देव वाराईडी काए का मैं क्या करून, जब गाडी हाईवेपे बिना सिँनल के खादी होजाती है. नुक्सान तो मेरा लाको का होजाता है, ना चोरो के चकर में. सेल्स रेप, सुनील सर, हम डूल सिम सपोट देते है, अटमातिक नेट्वर्क ट्रान्जिशन होता है, वोडा फोन और जीो के भीच. सिँनल डूल रेट लीज जीरो है. प्रोस्पेक्त, सुक्देव नहीं आर, हीुम अभी इं सब देवाइसिस पे प्रुस्ट नहीं रहा. अभी देवाइसिस पे प्रुस्ट नहीं रहा. जो पुराने लगे है उंको ही निकलवा रहा हूं मैं. मेरा लोकल ट्रुस्ट डूल्ट ड़ाइवर्ट नेट्वर्क है, सहीं चल रहा है, ड्राइवर मूनिट्रिंग किलिये. सेल्ज रेप, सूनील सा एक बार हमारे प्लाट्फोम का फ्री ट्रायल लेकर देखे, सर्फ एक गाडी पे, देमो देखने के बाद फाँईनल डिसिशन लेंगे आप. प्रुस्ट शुख्टेव बिलकुल सपेस नहीं है, अभी दिमाग में इसके लिए. एक बार लोस खाने के बाद बार बार रिसक नहीं लेंगे. रकता हु फों अभी.",hi,0,47.9
CALL-1058,call_8.mp3,hinglish,"करपरेट केट्रिंट सरविसेज कोन्टेक्स्ट, शेल्ट लीट अट्टेम्टिंग तो कनवर्ट अप्स्टिलिटी देरेक्टा, फो एक्जेक्टिव लंच बफेक कोन्ट्ट्रक्स. सेल्ट लीट दीक्टिप्ट गूट अप्टनूं वाम्, दीपट्ट from रसोगी केट्रिंट सरविसेज. हमारे स्तन्ट्ट मल्टीक्षी मील पेरामितर्स का रव्व्यों किया आपने? प्रोस्प्ट्ट, मेगा हा दीपक, साम्पल टेस्टिंग पनल तो हमारा बडिया रहा, ठूँप आप आप प्रोईस को तेस्ट आप खौल्टी बोहुत पसंदाई. खुन्टेंट ठीख्टिक्षौन प्रीम्यम है आपका. सेल्स्रिप, दीपक ठांक्यु माम. खुन्टेंट लिन्टिस और हाई नूट्रिष्टनल वाल्यु मेंटेंग करना, हमारा कोर प्रोस्टिस है. तो अप आपका अप खुर्परेट खुन्ट्रक्ट प्रोईस्ट लाईं फाइनलाईस करीं. प्रोस्ट्ट, मेगा यहाई पेशकेल प्रोब्लम है दीपकृ. आपका बेसलाईं प्राइस वनरब वनच्रीट करना, कोन्ट्राक्त स्तन्टरत प्लाई के हिसाब से. हमारा स्तान्ट्ट करप्रेट अप्रूट सीलिंँच्ट श्लाप स्ट्रिक्ट 90 रुपी मैक्स है, कुन्ट्ट्ट्ट रुल्ट्ट के अक्टुडिंग. सेल्ज्रेप दीपक माम 90 रुपी के प्राइसिंग फ्रेम्वोग में अर्गानिक राईग्रेड अएल्ज और दीनामिक देली वेर्येशिन्ज मेंँ डिजाएं करना कमप्लीट स्ट्रक्ष्ट्रल लोस होगा, तीर वान कुलिती ब्रान के लिए. प्रोस्पेक्ट मेगा मानज्मिन्ट बजट स्ट्रेक्ट है, अब आब धिनामिक डेसर्ट्ट स्ट्रोब्डाएं लिस्ट मेंँ से ड्रोब कर करके अप्ट्चन्स मडफ़ग कर सकते हो, सेल्ज डेब, दीपक डेसर्ट और प्रीमिम स्टाटर स्किप भी करें, तभ भी रोग इंग्रेडिन ख्रेश्ट हो, लिमिट बोटम माजन तच्छिस और वन वनज्ट वन्ट फ़ब रुपी पर हैद क्लिर टेक्स लेयाउट. प्रुस्प्ट्ट्ट, मेगा तो आफ आर करन्ज सेटट श्केल फ्रेम में बलन्ज बन्ड पन्ड पुस्भिल है. आप एक बार कस्तमाइस ट्रिक्त एकोनमी मेट्रिक्स प्रपेर करो चेक्लिस्ट मेन्ट्ट बुरी स्ट्रक्चाए के साथ और चेक करो अल्टनेटिट लेयाउट अट्पुट. सेल्ज लेप दीपक ठीक है मैं, में अंटरनल प्रडक्षन प्लाँट लेज से माप्पिंग करके सब कोन्टिनेंटल बेसिक ठाली चेक्लिस्ट बहिच्ता हूँ, अबडेट चेक करने किलिए. प्रोस्पेक्ट, मेगा शाँ, अल्टनेटिट मोडल स्ट्रक्ष्ट टेक्स्ट वेरिफाइ करके देकते है, तभी प्रोस्टेसिंग पोस्भिल होगी. तेख यो ताएं",hi,0,96.8
CALL-1059,call_9.mp3,hinglish,"बी तुबी क्लाओड किच्चिन ख्च्चन अप्राच्चन शौफ्ट्वेर श्वाड़ पिर्ट्ट, अख्च्चिन शाच्ट्टिट, विज्चिन मल्टी ब्रन अग्ग्रिएशन च्च्चन अप्रीटा शेल्ज देप रोहन ही कविता जी अप यो अग दुएं विल अप विल गड़िष्चन बोड अप दिरेक्टर्ज और खोर को फाँणडर जी अप्रूवल पनल हाई दिकलेर करेगा शेल्ज रेप रोहन अप्टट्ट खविता जी अप बाड अलाइमिन च्ट्ट्टिट श्टान्टर्ट ताम्लाईन सेटट आप क्या हुती है अप दिरेक्टर पाखच देटा दीटाले अप्टटाई ब्रिग्डाउन शीट अर तेकनिकल दिप्लोमन ताम्लाईन तेम्ठेट सेटट कोमबाईन कर कर देता हुँ",hi,0,69.7
